INSERT INTO appmusic.roles (role_name, created_at, updated_at) VALUES ('ROLE_ADMIN', '2023-03-10 11:04:53.000000', '2023-03-10 11:04:53.000000'),
 ('ROLE_USER', '2023-03-10 11:04:53.000000', '2023-03-10 11:04:53.000000');

-- Users
INSERT INTO appmusic.users (username, password, first_name, last_name, email, phone, avatar_url, gender, age)
VALUES ('admin', '$2a$10$RXpNohhZ34h7S.ss4suM9e1cX5/6Ude2mY4b7sTdtTXfeVI7N10si', 'Hoang Anh', 'Nguyen Huy', 'admin@gmail.com', '9876543210', 'https://static.vecteezy.com/system/resources/previews/008/442/086/original/illustration-of-human-icon-user-symbol-icon-modern-design-on-blank-background-free-vector.jpg', 'MALE', 23);

INSERT INTO appmusic.plays (count, label, song_id) VALUES 
( 132, "0", 1),( 146, "1", 1),( 67, "2", 1),( 51, "3", 1),( 89, "4", 1),( 72, "5", 1),( 198, "6", 1),( 25, "7", 1),( 27, "8", 1),( 99, "9", 1),( 141, "10", 1),( 156, "11", 1),
( 178, "12", 1),( 131, "13", 1),( 125, "14", 1),( 188, "15", 1),( 114, "16", 1),( 116, "17", 1),( 117, "18", 1),( 201, "19", 1),( 98, "20", 1),( 89, "21", 1),( 32, "22", 1),( 101, "23", 1),
( 80, "0", 2),( 180, "1", 2),( 115, "2", 2),( 29, "3", 2),( 54, "4", 2),( 93, "5", 2),( 198, "6", 2),( 173, "7", 2),( 121, "8", 2),( 183, "9", 2),( 67, "10", 2),( 48, "11", 2),
( 19, "12", 2),( 102, "13", 2),( 175, "14", 2),( 134, "15", 2),( 92, "16", 2),( 181, "17", 2),( 118, "18", 2),( 200, "19", 2),( 148, "20", 2),( 156, "21", 2),( 103, "22", 2),( 7, "23", 2),
( 121, "0", 3),( 132, "1", 3),( 6, "2", 3),( 36, "3", 3),( 85, "4", 3),( 47, "5", 3),( 165, "6", 3),( 43, "7", 3),( 166, "8", 3),( 177, "9", 3),( 161, "10", 3),( 42, "11", 3),
( 120, "12", 3),( 57, "13", 3),( 81, "14", 3),( 51, "15", 3),( 86, "16", 3),( 136, "17", 3),( 36, "18", 3),( 29, "19", 3),( 98, "20", 3),( 70, "21", 3),( 77, "22", 3),( 182, "23", 3),
( 29, "0", 4),( 163, "1", 4),( 72, "2", 4),( 53, "3", 4),( 29, "4", 4),( 97, "5", 4),( 116, "6", 4),( 32, "7", 4),( 141, "8", 4),( 136, "9", 4),( 136, "10", 4),( 132, "11", 4),
( 140, "12", 4),( 16, "13", 4),( 139, "14", 4),( 66, "15", 4),( 68, "16", 4),( 86, "17", 4),( 41, "18", 4),( 122, "19", 4),( 42, "20", 4),( 69, "21", 4),( 128, "22", 4),( 86, "23", 4);

-- Users_Roles
INSERT INTO appmusic.users_roles (user_id, role_id)
SELECT users.id, roles.id
FROM appmusic.users
CROSS JOIN appmusic.roles
WHERE appmusic.roles.role_name IN ('ROLE_ADMIN', 'ROLE_USER')
AND appmusic.users.username = 'admin';

-- Albums
INSERT INTO appmusic.albums (id, created_at, updated_at, background_image_url, description, slug, title, created_by, updated_by)
VALUES (
  1,
  '2023-03-06 11:04:53.000000', 
  '2023-03-06 11:04:53.000000', 
  'https://photo-resize-zmp3.zmdcdn.me/w320_r1x1_jpeg/cover/6/0/5/c/605cef203a672b45986d643df2ab9346.jpg', 
  'Hòa cùng hội những người mê Indie Việt tại đây', 'Indie-Viet-buitruonglinh-Thinh-Suy-T-R-I-Trang', 
  'Indie Việt', 
  1, 1), 
(
  2,
  '2022-03-25 11:04:53.000000', 
  '2022-03-25 11:04:53.000000', 
  'https://photo-resize-zmp3.zmdcdn.me/w320_r1x1_jpeg/cover/b/9/a/f/b9af7c6bd9afee6a58a3f6193bf24424.jpg', 
  'Trong không gian yên tĩnh của màn đêm bao phủ khắp căn phòng, hãy để những bài hát trong playlist này với giai điệu nhẹ nhàng giúp bạn thư giãn và đi vào giấc ngủ an lành. Chúc bạn ngủ ngon.', 'Nhac-V-Pop-Nhe-Nhang-Truoc-Khi-Ngu-Andiez-AMEE-Lou-Hoang-Suni-Ha-Linh', 
  'Nhạc V-Pop Nhẹ Nhàng Trước Khi Ngủ', 
  1, 1),
(
  3,
  '2023-03-07 11:04:53.000000', 
  '2023-03-07 11:04:53.000000', 
  'https://photo-resize-zmp3.zmdcdn.me/w320_r1x1_jpeg/cover/1/6/f/d/16fdb550e71d1666af42d60fcef9b484.jpg', 
  'Giai điệu R&B Việt thật phiêu để chúng ta cùng chill', 'Chill-Cung-R-B-Viet-My-Anh-Kha-tlinh-Pay', 
  'Chill Cùng R&B Việt', 
  1, 1),
(
  4,
  '2023-02-25 11:04:53.000000', 
  '2023-02-25 11:04:53.000000', 
  'https://photo-resize-zmp3.zmdcdn.me/w320_r1x1_jpeg/cover/b/b/4/0/bb40e87bbab72ee9963ec27c2b1260dc.jpg', 
  'Ballad Việt thịnh hành hiện nay mà bạn không nên bỏ lỡ', 'Ballad-Viet-Ngay-Nay-Ha-Nhi-Mai-Tien-Dung-Thanh-Hung-Huong-Ly', 
  'Ballad Việt Ngày Nay', 
  1, 1),
(
  5,
  '2023-01-10 11:04:53.000000', 
  '2023-01-10 11:04:53.000000', 
  'https://photo-resize-zmp3.zmdcdn.me/w320_r1x1_jpeg/cover/e/b/0/3/eb03dace2546cc3cd3455f5d7645fc8e.jpg', 
  'Những lựa chọn mới máu lửa của làng Rock Việt ngày nay', 'Rock-Viet-Ngay-Nay-DA-SO-TOI-Meow-Lac-7UPPERCUTS-The-Cassette', 
  'Rock Việt Ngày Nay', 
  1, 1);

-- Artists
INSERT INTO appmusic.artists (id, created_at, updated_at, age, avatar_url, background_image_url, description, follow_count, full_name, gender, slug, created_by, updated_by) VALUES 
(1, '2022-12-14 00:00:00', '2022-12-14 00:00:00', NULL, 'https://photo-resize-zmp3.zmdcdn.me/w240_r1x1_jpeg/avatars/f/5/3/b/f53b7859f2f0aaf5c1363eb80e75c29b.jpg', 'https://photo-resize-zmp3.zmdcdn.me/w360_r1x1_jpeg/avatars/f/5/3/b/f53b7859f2f0aaf5c1363eb80e75c29b.jpg', 'JustaTee', 0, 'JustaTee', 'UNKNOWN', 'JustaTee', 1, 1),
(2, '2022-12-14 00:00:00', '2022-12-14 00:00:00', NULL, 'https://photo-resize-zmp3.zmdcdn.me/w240_r1x1_jpeg/avatars/c/5/d/b/c5dbc8fad12e47094496041efa689f21.jpg', 'https://photo-resize-zmp3.zmdcdn.me/w360_r1x1_jpeg/avatars/c/5/d/b/c5dbc8fad12e47094496041efa689f21.jpg', 'Ha-Nhi', 0, 'Hà Nhi', 'UNKNOWN', 'Ha-Nhi', 1, 1),
(3, '2022-12-14 00:00:00', '2022-12-14 00:00:00', NULL, 'https://photo-resize-zmp3.zmdcdn.me/w240_r1x1_jpeg/avatars/c/4/8/9/c48961cbfb3b46320879476f84743f9f.jpg', 'https://photo-resize-zmp3.zmdcdn.me/w360_r1x1_jpeg/avatars/c/4/8/9/c48961cbfb3b46320879476f84743f9f.jpg', 'Hua-Kim-Tuyen', 0, 'Hứa Kim Tuyền', 'UNKNOWN', 'Hua-Kim-Tuyen', 1, 1),
(4, '2022-12-14 00:00:00', '2022-12-14 00:00:00', NULL, 'https://photo-resize-zmp3.zmdcdn.me/w240_r1x1_jpeg/avatars/8/6/0/4/8604314aa69ff6ebc7a79d88533eb867.jpg', 'https://photo-resize-zmp3.zmdcdn.me/w360_r1x1_jpeg/avatars/8/6/0/4/8604314aa69ff6ebc7a79d88533eb867.jpg', 'Vu-Cat-Tuong', 0, 'Vũ Cát Tường', 'UNKNOWN', 'Vu-Cat-Tuong', 1, 1),
(5, '2022-12-14 00:00:00', '2022-12-14 00:00:00', NULL, 'https://photo-resize-zmp3.zmdcdn.me/w240_r1x1_jpeg/avatars/7/1/0/f/710f8b05ecd64ebdc9138e6bff282d3e.jpg', 'https://photo-resize-zmp3.zmdcdn.me/w360_r1x1_jpeg/avatars/7/1/0/f/710f8b05ecd64ebdc9138e6bff282d3e.jpg', 'SOUTHALID', 0, 'SOUTHALID', 'UNKNOWN', 'SOUTHALID', 1, 1),
(6, '2022-12-14 00:00:00', '2022-12-14 00:00:00', NULL, 'https://photo-resize-zmp3.zmdcdn.me/w240_r1x1_jpeg/avatars/7/a/e/9/7ae9d01726dcceef8bd7e8f146820759.jpg', 'https://photo-resize-zmp3.zmdcdn.me/w360_r1x1_jpeg/avatars/7/a/e/9/7ae9d01726dcceef8bd7e8f146820759.jpg', 'Ha-Anh-Tuan', 0, 'Hà Anh Tuấn', 'UNKNOWN', 'Ha-Anh-Tuan', 1, 1),
(7, '2022-12-14 00:00:00', '2022-12-14 00:00:00', NULL, 'https://photo-resize-zmp3.zmdcdn.me/w240_r1x1_jpeg/avatars/5/e/b/2/5eb29c30ab1394f280675ef7c522a557.jpg', 'https://photo-resize-zmp3.zmdcdn.me/w360_r1x1_jpeg/avatars/5/e/b/2/5eb29c30ab1394f280675ef7c522a557.jpg', 'Sweet-Liquor', 0, 'Sweet Liquor', 'UNKNOWN', 'Sweet-Liquor', 1, 1),
(8, '2022-12-14 00:00:00', '2022-12-14 00:00:00', NULL, 'https://photo-resize-zmp3.zmdcdn.me/w240_r1x1_jpeg/avatars/9/e/6/1/9e614e0267968c01457e2b692e2e7272.jpg', 'https://photo-resize-zmp3.zmdcdn.me/w360_r1x1_jpeg/avatars/9/e/6/1/9e614e0267968c01457e2b692e2e7272.jpg', 'Noo-Phuoc-Thinh', 0, 'Noo Phước Thịnh', 'UNKNOWN', 'Noo-Phuoc-Thinh', 1, 1),
(9, '2022-12-14 00:00:00', '2022-12-14 00:00:00', NULL, 'https://photo-resize-zmp3.zmdcdn.me/w240_r1x1_jpeg/avatars/b/f/d/7/bfd7f1b7118f1229391e2cbc419594bc.jpg', 'https://photo-resize-zmp3.zmdcdn.me/w360_r1x1_jpeg/avatars/b/f/d/7/bfd7f1b7118f1229391e2cbc419594bc.jpg', 'AMEE', 0, 'AMEE', 'UNKNOWN', 'AMEE', 1, 1),
(10, '2022-12-14 00:00:00', '2022-12-14 00:00:00', NULL, 'https://photo-resize-zmp3.zmdcdn.me/w240_r1x1_jpeg/avatars/c/7/2/1/c72124d00364087a050b5b69dcd0ee56.jpg', 'https://photo-resize-zmp3.zmdcdn.me/w360_r1x1_jpeg/avatars/c/7/2/1/c72124d00364087a050b5b69dcd0ee56.jpg', 'Mai-Tien-Dung', 0, 'Mai Tiến Dũng', 'UNKNOWN', 'Mai-Tien-Dung', 1, 1),
(11, '2022-12-14 00:00:00', '2022-12-14 00:00:00', NULL, 'https://photo-resize-zmp3.zmdcdn.me/w240_r1x1_jpeg/avatars/a/c/2/8/ac28312bfd39a049f88e5fcf05ced0c1.jpg', 'https://photo-resize-zmp3.zmdcdn.me/w360_r1x1_jpeg/avatars/a/c/2/8/ac28312bfd39a049f88e5fcf05ced0c1.jpg', 'Andiez', 0, 'Andiez', 'UNKNOWN', 'Andiez', 1, 1),
(12, '2022-12-14 00:00:00', '2022-12-14 00:00:00', NULL, 'https://photo-resize-zmp3.zmdcdn.me/w240_r1x1_jpeg/avatars/d/a/0/0/da00218a465870d907abfde992601345.jpg', 'https://photo-resize-zmp3.zmdcdn.me/w360_r1x1_jpeg/avatars/d/a/0/0/da00218a465870d907abfde992601345.jpg', 'The Flob', 0, 'The Flob', 'UNKNOWN', 'The-Flob', 1, 1),
(13, '2022-12-14 00:00:00', '2022-12-14 00:00:00', NULL, 'https://photo-resize-zmp3.zmdcdn.me/w240_r1x1_jpeg/avatars/1/5/c/2/15c25e30878dd2c9a3129dcd768093cb.jpg', 'https://photo-resize-zmp3.zmdcdn.me/w360_r1x1_jpeg/avatars/1/5/c/2/15c25e30878dd2c9a3129dcd768093cb.jpg', 'Meow-Lac', 0, 'Mèow Lạc', 'UNKNOWN', 'Meow-Lac', 1, 1),
(14, '2022-12-14 00:00:00', '2022-12-14 00:00:00', NULL, 'https://photo-resize-zmp3.zmdcdn.me/w240_r1x1_jpeg/avatars/b/1/9/d/b19d258b0d7e0a995c8d79ba98d2fbc2.jpg', 'https://photo-resize-zmp3.zmdcdn.me/w360_r1x1_jpeg/avatars/b/1/9/d/b19d258b0d7e0a995c8d79ba98d2fbc2.jpg', 'Trung-Quan-Idol', 0, 'Trung Quân Idol', 'UNKNOWN', 'Trung-Quan-Idol', 1, 1),
(15, '2022-12-14 00:00:00', '2022-12-14 00:00:00', NULL, 'https://photo-resize-zmp3.zmdcdn.me/w240_r1x1_jpeg/avatars/b/a/a/d/baad2edb86c7926d2b6d1b0a778aa809.jpg', 'https://photo-resize-zmp3.zmdcdn.me/w360_r1x1_jpeg/avatars/b/a/a/d/baad2edb86c7926d2b6d1b0a778aa809.jpg', 'Thanh-Hung', 0, 'Thanh Hưng', 'UNKNOWN', 'Thanh-Hung', 1, 1),
(16, '2022-12-14 00:00:00', '2022-12-14 00:00:00', NULL, 'https://photo-resize-zmp3.zmdcdn.me/w240_r1x1_jpeg/avatars/6/1/4/c/614c3cd537728333e289ddfc561f2ddb.jpg', 'https://photo-resize-zmp3.zmdcdn.me/w360_r1x1_jpeg/avatars/6/1/4/c/614c3cd537728333e289ddfc561f2ddb.jpg', 'NamKun', 0, 'NamKun', 'UNKNOWN', 'NamKun', 1, 1),
(17, '2022-12-14 00:00:00', '2022-12-14 00:00:00', NULL, 'https://photo-resize-zmp3.zmdcdn.me/w240_r1x1_jpeg/avatars/2/9/1/5/29159e6610f63b944139a279bfc8509d.jpg', 'https://photo-resize-zmp3.zmdcdn.me/w360_r1x1_jpeg/avatars/2/9/1/5/29159e6610f63b944139a279bfc8509d.jpg', 'Khai', 0, 'Khải', 'UNKNOWN', 'Khai', 1, 1),
(18, '2022-12-14 00:00:00', '2022-12-14 00:00:00', NULL, 'https://photo-resize-zmp3.zmdcdn.me/w240_r1x1_jpeg/avatars/4/d/8/7/4d87ca5561df73c8a1b4575eb253d610.jpg', 'https://photo-resize-zmp3.zmdcdn.me/w360_r1x1_jpeg/avatars/4/d/8/7/4d87ca5561df73c8a1b4575eb253d610.jpg', 'MONO-Nguyen-Viet-Hoang', 0, 'MONO', 'UNKNOWN', 'MONO-Nguyen-Viet-Hoang', 1, 1),
(19, '2022-12-14 00:00:00', '2022-12-14 00:00:00', NULL, 'https://photo-resize-zmp3.zmdcdn.me/w240_r1x1_jpeg/avatars/7/0/a/6/70a6a1645234a1507691083cdfa842d7.jpg', 'https://photo-resize-zmp3.zmdcdn.me/w360_r1x1_jpeg/avatars/7/0/a/6/70a6a1645234a1507691083cdfa842d7.jpg', 'Jaigon-Orchestra', 0, 'Jaigon Orchestra', 'UNKNOWN', 'Jaigon-Orchestra', 1, 1),
(20, '2022-12-14 00:00:00', '2022-12-14 00:00:00', NULL, 'https://photo-resize-zmp3.zmdcdn.me/w240_r1x1_jpeg/avatars/d/c/6/7/dc67d75a543439f9d0232174ded85bd3.jpg', 'https://photo-resize-zmp3.zmdcdn.me/w360_r1x1_jpeg/avatars/d/c/6/7/dc67d75a543439f9d0232174ded85bd3.jpg', 'tlinh', 0, 'tlinh', 'UNKNOWN', 'tlinh', 1, 1),
(21, '2022-12-14 00:00:00', '2022-12-14 00:00:00', NULL, 'https://photo-resize-zmp3.zmdcdn.me/w240_r1x1_jpeg/avatars/0/c/2/1/0c2163f3f85269440046f4d2bb7c4530.jpg', 'https://photo-resize-zmp3.zmdcdn.me/w360_r1x1_jpeg/avatars/0/c/2/1/0c2163f3f85269440046f4d2bb7c4530.jpg', 'Jack-J97', 1, 'Jack - J97', 'UNKNOWN', 'Jack-J97', 1, 1),
(22, '2022-12-14 00:00:00', '2022-12-14 00:00:00', NULL, 'https://photo-resize-zmp3.zmdcdn.me/w240_r1x1_jpeg/avatars/2/9/e/3/29e3f00ca25cda6e7a83915b38b73896.jpg', 'https://photo-resize-zmp3.zmdcdn.me/w360_r1x1_jpeg/avatars/2/9/e/3/29e3f00ca25cda6e7a83915b38b73896.jpg', 'GREY-D-Doan-The-Lan', 1, 'GREY D', 'UNKNOWN', 'GREY-D-Doan-The-Lan', 1, 1),
(23, '2022-12-14 00:00:00', '2022-12-14 00:00:00', NULL, 'https://photo-resize-zmp3.zmdcdn.me/w240_r1x1_jpeg/avatars/b/d/3/0/bd3086ef106057c07b7c1a74940f2927.jpg', 'https://photo-resize-zmp3.zmdcdn.me/w360_r1x1_jpeg/avatars/b/d/3/0/bd3086ef106057c07b7c1a74940f2927.jpg', 'No Description', 10000, 'Min Min', 'UNKNOWN', 'Min-Min', 1, 1),
(24, '2022-12-14 00:00:00', '2022-12-14 00:00:00', NULL, 'https://photo-resize-zmp3.zmdcdn.me/w240_r1x1_jpeg/avatars/b/7/6/7/b767f2c6580ba31be55a2810e97d59ce.jpg', 'https://photo-resize-zmp3.zmdcdn.me/w360_r1x1_jpeg/avatars/b/7/6/7/b767f2c6580ba31be55a2810e97d59ce.jpg', 'No Description', 10000, 'Hương Tràm', 'UNKNOWN', 'Huong-Tram', 1, 1),
(25, '2022-12-14 00:00:00', '2022-12-14 00:00:00', NULL, 'https://photo-resize-zmp3.zmdcdn.me/w240_r1x1_jpeg/avatars/8/b/f/e/8bfebd461c14aecf5f4809762359f0d9.jpg', 'https://photo-resize-zmp3.zmdcdn.me/w360_r1x1_jpeg/avatars/8/b/f/e/8bfebd461c14aecf5f4809762359f0d9.jpg', 'Suni-Ha-Linh', 0, 'Suni Hạ Linh', 'UNKNOWN', 'Suni-Ha-Linh', 1, 1),
(26, '2022-12-14 00:00:00', '2022-12-14 00:00:00', NULL, 'https://photo-resize-zmp3.zmdcdn.me/w240_r1x1_jpeg/avatars/5/7/b/1/57b115f1624e8b7795f5f31a5f1fdf18.jpg', 'https://photo-resize-zmp3.zmdcdn.me/w360_r1x1_jpeg/avatars/5/7/b/1/57b115f1624e8b7795f5f31a5f1fdf18.jpg', 'buitruonglinh', 0, 'buitruonglinh', 'UNKNOWN', 'buitruonglinh', 1, 1),
(27, '2022-12-14 00:00:00', '2022-12-14 00:00:00', NULL, 'https://photo-resize-zmp3.zmdcdn.me/w240_r1x1_jpeg/avatars/f/8/c/2/f8c20d1713e0bf40c4b16e6344fbc3fe.jpg', 'https://photo-resize-zmp3.zmdcdn.me/w360_r1x1_jpeg/avatars/f/8/c/2/f8c20d1713e0bf40c4b16e6344fbc3fe.jpg', 'Hiền Hồ', 0, 'Hien-Ho', 'UNKNOWN', 'Hien-Ho', 1, 1),
(28, '2022-12-14 00:00:00', '2022-12-14 00:00:00', NULL, 'https://photo-resize-zmp3.zmdcdn.me/w240_r1x1_jpeg/avatars/9/6/2/1/9621a8315b3fd73e2850e8d21a36bdd6.jpg', 'https://photo-resize-zmp3.zmdcdn.me/w360_r1x1_jpeg/avatars/9/6/2/1/9621a8315b3fd73e2850e8d21a36bdd6.jpg', 'ĐÁ SỐ TỚI', 0, 'DA-SO-TOI', 'UNKNOWN', 'DA-SO-TOI', 1, 1),
(29, '2022-12-14 00:00:00', '2022-12-14 00:00:00', NULL, 'https://photo-resize-zmp3.zmdcdn.me/w240_r1x1_jpeg/avatars/d/1/9/2/d192830ed04a5b37dcc0fca0c532adf4.jpg', 'https://photo-resize-zmp3.zmdcdn.me/w360_r1x1_jpeg/avatars/d/1/9/2/d192830ed04a5b37dcc0fca0c532adf4.jpg', 'Bao-Uyen', 0, 'Bảo Uyên', 'UNKNOWN', 'Bao-Uyen', 1, 1),
(30, '2022-12-14 00:00:00', '2022-12-14 00:00:00', NULL, 'https://photo-resize-zmp3.zmdcdn.me/w240_r1x1_jpeg/avatars/3/6/5/c/365c3f152b5121eded1d807933ae6463.jpg', 'https://photo-resize-zmp3.zmdcdn.me/w360_r1x1_jpeg/avatars/3/6/5/c/365c3f152b5121eded1d807933ae6463.jpg', 'O.lew', 0, 'O.lew', 'UNKNOWN', 'O-lew', 1, 1),
(31, '2022-12-14 00:00:00', '2022-12-14 00:00:00', NULL, 'https://photo-resize-zmp3.zmdcdn.me/w240_r1x1_jpeg/avatars/3/9/3/0/3930a095a1950054f82abdc693dde4eb.jpg', 'https://photo-resize-zmp3.zmdcdn.me/w360_r1x1_jpeg/avatars/3/9/3/0/3930a095a1950054f82abdc693dde4eb.jpg', 'T.R.I', 0, 'T.R.I', 'UNKNOWN', 'T-R-I', 1, 1),
(32, '2022-12-14 00:00:00', '2022-12-14 00:00:00', NULL, 'https://photo-resize-zmp3.zmdcdn.me/w240_r1x1_jpeg/avatars/a/6/c/4/a6c408be9e0849dbc418c744d05ea309.jpg', 'https://photo-resize-zmp3.zmdcdn.me/w360_r1x1_jpeg/avatars/a/6/c/4/a6c408be9e0849dbc418c744d05ea309.jpg', 'The Sheep', 0, 'The Sheep', 'UNKNOWN', 'The-Sheep', 1, 1),
(33, '2022-12-14 00:00:00', '2022-12-14 00:00:00', null, 'https://photo-resize-zmp3.zmdcdn.me/w240_r1x1_jpeg/avatars/0/c/5/5/0c5550e074ac8612114fe6225a9564f9.jpg', 'https://photo-resize-zmp3.zmdcdn.me/w360_r1x1_jpeg/avatars/0/c/5/5/0c5550e074ac8612114fe6225a9564f9.jpg', 'Saabirose', 0, 'Saabirose', 'UNKNOWN', 'Saabirose', 1, 1),
(34, '2022-12-14 00:00:00', '2022-12-14 00:00:00', null, 'https://photo-resize-zmp3.zmdcdn.me/w240_r1x1_jpeg/avatars/e/f/8/4/ef84f25bebe0bb917735de836a3e417f.jpg', 'https://photo-resize-zmp3.zmdcdn.me/w360_r1x1_jpeg/avatars/e/f/8/4/ef84f25bebe0bb917735de836a3e417f.jpg', 'Nguyen-Huong-Ly', 0, 'Hương Ly', 'UNKNOWN', 'Nguyen-Huong-Ly', 1, 1),
(35, '2022-12-14 00:00:00', '2022-12-14 00:00:00', null, 'https://photo-resize-zmp3.zmdcdn.me/w240_r1x1_jpeg/avatars/c/b/1/0/cb10ba7240ef06dbef6208679d0e8b15.jpg', 'https://photo-resize-zmp3.zmdcdn.me/w360_r1x1_jpeg/avatars/c/b/1/0/cb10ba7240ef06dbef6208679d0e8b15.jpg', 'Duongg', 0, 'Duongg', 'UNKNOWN', 'Duongg', 1, 1),
(36, '2022-12-14 00:00:00', '2022-12-14 00:00:00', null, 'https://photo-resize-zmp3.zmdcdn.me/w240_r1x1_jpeg/avatars/5/a/3/a/5a3acdf33829bf766988efe183f2b529.jpg', 'https://photo-resize-zmp3.zmdcdn.me/w360_r1x1_jpeg/avatars/5/a/3/a/5a3acdf33829bf766988efe183f2b529.jpg', 'Luong-Bich-Huu', 0, 'Lương Bích Hữu', 'UNKNOWN', 'Luong-Bich-Huu', 1, 1),
(37, '2022-12-14 00:00:00', '2022-12-14 00:00:00', NULL, 'https://photo-resize-zmp3.zmdcdn.me/w240_r1x1_jpeg/avatars/9/9/9/5/9995b471d77c22908bf72907ae2c294e.jpg', 'https://photo-resize-zmp3.zmdcdn.me/w360_r1x1_jpeg/avatars/9/9/9/5/9995b471d77c22908bf72907ae2c294e.jpg', '7UPPERCUTS', 0, '7UPPERCUTS', 'UNKNOWN', '7UPPERCUTS', 1, 1),
(38, '2022-12-14 00:00:00', '2022-12-14 00:00:00', NULL, 'https://photo-resize-zmp3.zmdcdn.me/w240_r1x1_jpeg/avatars/f/c/fc45e894b2a30ca5b8f02d9635f41fec_1509959669.jpg', 'https://photo-resize-zmp3.zmdcdn.me/w360_r1x1_jpeg/avatars/f/c/fc45e894b2a30ca5b8f02d9635f41fec_1509959669.jpg', 'Hai-Sam', 0, 'Hải Sâm', 'UNKNOWN', 'Hai-Sam', 1, 1),
(39, '2022-12-14 00:00:00', '2022-12-14 00:00:00', NULL, 'https://photo-resize-zmp3.zmdcdn.me/w240_r1x1_jpeg/avatars/d/2/7/b/d27b1af7ed82028ef6ac0687030742ec.jpg', 'https://photo-resize-zmp3.zmdcdn.me/w360_r1x1_jpeg/avatars/d/2/7/b/d27b1af7ed82028ef6ac0687030742ec.jpg', 'The-Cassette', 0, 'The Cassette', 'UNKNOWN', 'The-Cassette', 1, 1),
(40, '2022-12-14 00:00:00', '2022-12-14 00:00:00', NULL, 'https://photo-resize-zmp3.zmdcdn.me/w240_r1x1_jpeg/avatars/1/a/5/a/1a5a16943514c142d74e29058df83187.jpg', 'https://photo-resize-zmp3.zmdcdn.me/w360_r1x1_jpeg/avatars/1/a/5/a/1a5a16943514c142d74e29058df83187.jpg', 'Thai-Dinh', 0, 'Thái Đinh', 'UNKNOWN', 'Thai-Dinh', 1, 1),
(41, '2022-12-14 00:00:00', '2022-12-14 00:00:00', NULL, 'https://photo-resize-zmp3.zmdcdn.me/w240_r1x1_jpeg/avatars/7/8/6/2/78620213b8e0e54ae89b2bba895446f6.jpg', 'https://photo-resize-zmp3.zmdcdn.me/w360_r1x1_jpeg/avatars/7/8/6/2/78620213b8e0e54ae89b2bba895446f6.jpg', 'My-Anh-Singer', 0, 'Mỹ Anh', 'UNKNOWN', 'My-Anh-Singer', 1, 1),
(42, '2022-12-14 00:00:00', '2022-12-14 00:00:00', NULL, 'https://photo-resize-zmp3.zmdcdn.me/w240_r1x1_jpeg/avatars/c/1/2/c/c12c04e6258188e1fed5e68448ca4474.jpg', 'https://photo-resize-zmp3.zmdcdn.me/w360_r1x1_jpeg/avatars/c/1/2/c/c12c04e6258188e1fed5e68448ca4474.jpg', 'Dinh-Huong', 0, 'Đinh Hương', 'UNKNOWN', 'Dinh-Huong', 1, 1),
(43, '2022-12-14 00:00:00', '2022-12-14 00:00:00', NULL, 'https://photo-resize-zmp3.zmdcdn.me/w240_r1x1_jpeg/avatars/5/d/0/6/5d061a59ecfca5c798fb0d2038e003ce.jpg', 'https://photo-resize-zmp3.zmdcdn.me/w360_r1x1_jpeg/avatars/5/d/0/6/5d061a59ecfca5c798fb0d2038e003ce.jpg', 'Audicity', 0, 'Audicity', 'UNKNOWN', 'Audicity', 1, 1);

-- Composers
INSERT INTO appmusic.composers (id, created_at, updated_at, age, avatar_url, background_image_url, description, full_name, gender, slug, created_by, updated_by) VALUES 
(1, '2022-12-14 00:00:00', '2022-12-14 00:00:00', NULL, 'https://photo-resize-zmp3.zmdcdn.me/w240_r1x1_jpeg/avatars/f/5/3/b/f53b7859f2f0aaf5c1363eb80e75c29b.jpg', 'https://photo-resize-zmp3.zmdcdn.me/w360_r1x1_jpeg/avatars/f/5/3/b/f53b7859f2f0aaf5c1363eb80e75c29b.jpg', 'JustaTee', 'JustaTee', 'UNKNOWN', 'JustaTee', 1, 1),
(2, '2022-12-14 00:00:00', '2022-12-14 00:00:00', NULL, 'https://photo-resize-zmp3.zmdcdn.me/w240_r1x1_jpeg/avatars/c/5/d/b/c5dbc8fad12e47094496041efa689f21.jpg', 'https://photo-resize-zmp3.zmdcdn.me/w360_r1x1_jpeg/avatars/c/5/d/b/c5dbc8fad12e47094496041efa689f21.jpg', 'Ha-Nhi', 'Hà Nhi', 'UNKNOWN', 'Ha-Nhi', 1, 1),
(3, '2022-12-14 00:00:00', '2022-12-14 00:00:00', NULL, 'https://photo-resize-zmp3.zmdcdn.me/w240_r1x1_jpeg/avatars/c/4/8/9/c48961cbfb3b46320879476f84743f9f.jpg', 'https://photo-resize-zmp3.zmdcdn.me/w360_r1x1_jpeg/avatars/c/4/8/9/c48961cbfb3b46320879476f84743f9f.jpg', 'Hua-Kim-Tuyen', 'Hứa Kim Tuyền', 'UNKNOWN', 'Hua-Kim-Tuyen', 1, 1),
(4, '2022-12-14 00:00:00', '2022-12-14 00:00:00', NULL, 'https://photo-resize-zmp3.zmdcdn.me/w240_r1x1_jpeg/avatars/8/6/0/4/8604314aa69ff6ebc7a79d88533eb867.jpg', 'https://photo-resize-zmp3.zmdcdn.me/w360_r1x1_jpeg/avatars/8/6/0/4/8604314aa69ff6ebc7a79d88533eb867.jpg', 'Vu-Cat-Tuong', 'Vũ Cát Tường', 'UNKNOWN', 'Vu-Cat-Tuong', 1, 1),
(5, '2022-12-14 00:00:00', '2022-12-14 00:00:00', NULL, 'https://photo-resize-zmp3.zmdcdn.me/w240_r1x1_jpeg/avatars/7/1/0/f/710f8b05ecd64ebdc9138e6bff282d3e.jpg', 'https://photo-resize-zmp3.zmdcdn.me/w360_r1x1_jpeg/avatars/7/1/0/f/710f8b05ecd64ebdc9138e6bff282d3e.jpg', 'SOUTHALID', 'SOUTHALID', 'UNKNOWN', 'SOUTHALID', 1, 1),
(6, '2022-12-14 00:00:00', '2022-12-14 00:00:00', NULL, 'https://photo-resize-zmp3.zmdcdn.me/w240_r1x1_jpeg/avatars/7/a/e/9/7ae9d01726dcceef8bd7e8f146820759.jpg', 'https://photo-resize-zmp3.zmdcdn.me/w360_r1x1_jpeg/avatars/7/a/e/9/7ae9d01726dcceef8bd7e8f146820759.jpg', 'Ha-Anh-Tuan', 'Hà Anh Tuấn', 'UNKNOWN', 'Ha-Anh-Tuan', 1, 1),
(7, '2022-12-14 00:00:00', '2022-12-14 00:00:00', NULL, 'https://photo-resize-zmp3.zmdcdn.me/w240_r1x1_jpeg/avatars/5/e/b/2/5eb29c30ab1394f280675ef7c522a557.jpg', 'https://photo-resize-zmp3.zmdcdn.me/w360_r1x1_jpeg/avatars/5/e/b/2/5eb29c30ab1394f280675ef7c522a557.jpg', 'Sweet-Liquor', 'Sweet Liquor', 'UNKNOWN', 'Sweet-Liquor', 1, 1),
(8, '2022-12-14 00:00:00', '2022-12-14 00:00:00', NULL, 'https://photo-resize-zmp3.zmdcdn.me/w240_r1x1_jpeg/avatars/9/e/6/1/9e614e0267968c01457e2b692e2e7272.jpg', 'https://photo-resize-zmp3.zmdcdn.me/w360_r1x1_jpeg/avatars/9/e/6/1/9e614e0267968c01457e2b692e2e7272.jpg', 'Noo-Phuoc-Thinh', 'Noo Phước Thịnh', 'UNKNOWN', 'Noo-Phuoc-Thinh', 1, 1),
(9, '2022-12-14 00:00:00', '2022-12-14 00:00:00', NULL, 'https://photo-resize-zmp3.zmdcdn.me/w240_r1x1_jpeg/avatars/b/f/d/7/bfd7f1b7118f1229391e2cbc419594bc.jpg', 'https://photo-resize-zmp3.zmdcdn.me/w360_r1x1_jpeg/avatars/b/f/d/7/bfd7f1b7118f1229391e2cbc419594bc.jpg', 'AMEE', 'AMEE', 'UNKNOWN', 'AMEE', 1, 1),
(10, '2022-12-14 00:00:00', '2022-12-14 00:00:00', NULL, 'https://photo-resize-zmp3.zmdcdn.me/w240_r1x1_jpeg/avatars/c/7/2/1/c72124d00364087a050b5b69dcd0ee56.jpg', 'https://photo-resize-zmp3.zmdcdn.me/w360_r1x1_jpeg/avatars/c/7/2/1/c72124d00364087a050b5b69dcd0ee56.jpg', 'Mai-Tien-Dung', 'Mai Tiến Dũng', 'UNKNOWN', 'Mai-Tien-Dung', 1, 1),
(11, '2022-12-14 00:00:00', '2022-12-14 00:00:00', NULL, 'https://photo-resize-zmp3.zmdcdn.me/w240_r1x1_jpeg/avatars/a/c/2/8/ac28312bfd39a049f88e5fcf05ced0c1.jpg', 'https://photo-resize-zmp3.zmdcdn.me/w360_r1x1_jpeg/avatars/a/c/2/8/ac28312bfd39a049f88e5fcf05ced0c1.jpg', 'Andiez', 'Andiez', 'UNKNOWN', 'Andiez', 1, 1),
(12, '2022-12-14 00:00:00', '2022-12-14 00:00:00', NULL, 'https://photo-resize-zmp3.zmdcdn.me/w240_r1x1_jpeg/avatars/d/a/0/0/da00218a465870d907abfde992601345.jpg', 'https://photo-resize-zmp3.zmdcdn.me/w360_r1x1_jpeg/avatars/d/a/0/0/da00218a465870d907abfde992601345.jpg', 'The Flob', 'The Flob', 'UNKNOWN', 'The-Flob', 1, 1),
(13, '2022-12-14 00:00:00', '2022-12-14 00:00:00', NULL, 'https://photo-resize-zmp3.zmdcdn.me/w240_r1x1_jpeg/avatars/1/5/c/2/15c25e30878dd2c9a3129dcd768093cb.jpg', 'https://photo-resize-zmp3.zmdcdn.me/w360_r1x1_jpeg/avatars/1/5/c/2/15c25e30878dd2c9a3129dcd768093cb.jpg', 'Meow-Lac', 'Mèow Lạc', 'UNKNOWN', 'Meow-Lac', 1, 1),
(14, '2022-12-14 00:00:00', '2022-12-14 00:00:00', NULL, 'https://photo-resize-zmp3.zmdcdn.me/w240_r1x1_jpeg/avatars/b/1/9/d/b19d258b0d7e0a995c8d79ba98d2fbc2.jpg', 'https://photo-resize-zmp3.zmdcdn.me/w360_r1x1_jpeg/avatars/b/1/9/d/b19d258b0d7e0a995c8d79ba98d2fbc2.jpg', 'Trung-Quan-Idol', 'Trung Quân Idol', 'UNKNOWN', 'Trung-Quan-Idol', 1, 1),
(15, '2022-12-14 00:00:00', '2022-12-14 00:00:00', NULL, 'https://photo-resize-zmp3.zmdcdn.me/w240_r1x1_jpeg/avatars/b/a/a/d/baad2edb86c7926d2b6d1b0a778aa809.jpg', 'https://photo-resize-zmp3.zmdcdn.me/w360_r1x1_jpeg/avatars/b/a/a/d/baad2edb86c7926d2b6d1b0a778aa809.jpg', 'Thanh-Hung', 'Thanh Hưng', 'UNKNOWN', 'Thanh-Hung', 1, 1),
(16, '2022-12-14 00:00:00', '2022-12-14 00:00:00', NULL, 'https://photo-resize-zmp3.zmdcdn.me/w240_r1x1_jpeg/avatars/6/1/4/c/614c3cd537728333e289ddfc561f2ddb.jpg', 'https://photo-resize-zmp3.zmdcdn.me/w360_r1x1_jpeg/avatars/6/1/4/c/614c3cd537728333e289ddfc561f2ddb.jpg', 'NamKun', 'NamKun', 'UNKNOWN', 'NamKun', 1, 1),
(17, '2022-12-14 00:00:00', '2022-12-14 00:00:00', NULL, 'https://photo-resize-zmp3.zmdcdn.me/w240_r1x1_jpeg/avatars/2/9/1/5/29159e6610f63b944139a279bfc8509d.jpg', 'https://photo-resize-zmp3.zmdcdn.me/w360_r1x1_jpeg/avatars/2/9/1/5/29159e6610f63b944139a279bfc8509d.jpg', 'Khai', 'Khải', 'UNKNOWN', 'Khai', 1, 1),
(18, '2022-12-14 00:00:00', '2022-12-14 00:00:00', NULL, 'https://photo-resize-zmp3.zmdcdn.me/w240_r1x1_jpeg/avatars/4/d/8/7/4d87ca5561df73c8a1b4575eb253d610.jpg', 'https://photo-resize-zmp3.zmdcdn.me/w360_r1x1_jpeg/avatars/4/d/8/7/4d87ca5561df73c8a1b4575eb253d610.jpg', 'MONO-Nguyen-Viet-Hoang', 'MONO', 'UNKNOWN', 'MONO-Nguyen-Viet-Hoang', 1, 1),
(19, '2022-12-14 00:00:00', '2022-12-14 00:00:00', NULL, 'https://photo-resize-zmp3.zmdcdn.me/w240_r1x1_jpeg/avatars/7/0/a/6/70a6a1645234a1507691083cdfa842d7.jpg', 'https://photo-resize-zmp3.zmdcdn.me/w360_r1x1_jpeg/avatars/7/0/a/6/70a6a1645234a1507691083cdfa842d7.jpg', 'Jaigon-Orchestra', 'Jaigon Orchestra', 'UNKNOWN', 'Jaigon-Orchestra', 1, 1),
(20, '2022-12-14 00:00:00', '2022-12-14 00:00:00', NULL, 'https://photo-resize-zmp3.zmdcdn.me/w240_r1x1_jpeg/avatars/d/c/6/7/dc67d75a543439f9d0232174ded85bd3.jpg', 'https://photo-resize-zmp3.zmdcdn.me/w360_r1x1_jpeg/avatars/d/c/6/7/dc67d75a543439f9d0232174ded85bd3.jpg', 'tlinh', 'tlinh', 'UNKNOWN', 'tlinh', 1, 1),
(21, '2022-12-14 00:00:00', '2022-12-14 00:00:00', NULL, 'https://photo-resize-zmp3.zmdcdn.me/w240_r1x1_jpeg/avatars/0/c/2/1/0c2163f3f85269440046f4d2bb7c4530.jpg', 'https://photo-resize-zmp3.zmdcdn.me/w360_r1x1_jpeg/avatars/0/c/2/1/0c2163f3f85269440046f4d2bb7c4530.jpg', 'Jack-J97', 'Jack - J97', 'UNKNOWN', 'Jack-J97', 1, 1),
(22, '2022-12-14 00:00:00', '2022-12-14 00:00:00', NULL, 'https://photo-resize-zmp3.zmdcdn.me/w240_r1x1_jpeg/avatars/2/9/e/3/29e3f00ca25cda6e7a83915b38b73896.jpg', 'https://photo-resize-zmp3.zmdcdn.me/w360_r1x1_jpeg/avatars/2/9/e/3/29e3f00ca25cda6e7a83915b38b73896.jpg', 'GREY-D-Doan-The-Lan', 'GREY D', 'UNKNOWN', 'GREY-D-Doan-The-Lan', 1, 1),
(23, '2022-12-14 00:00:00', '2022-12-14 00:00:00', NULL, 'https://photo-resize-zmp3.zmdcdn.me/w240_r1x1_jpeg/avatars/b/d/3/0/bd3086ef106057c07b7c1a74940f2927.jpg', 'https://photo-resize-zmp3.zmdcdn.me/w360_r1x1_jpeg/avatars/b/d/3/0/bd3086ef106057c07b7c1a74940f2927.jpg', 'No Description', 'Min Min', 'UNKNOWN', 'Min-Min', 1, 1),
(24, '2022-12-14 00:00:00', '2022-12-14 00:00:00', NULL, 'https://photo-resize-zmp3.zmdcdn.me/w240_r1x1_jpeg/avatars/b/7/6/7/b767f2c6580ba31be55a2810e97d59ce.jpg', 'https://photo-resize-zmp3.zmdcdn.me/w360_r1x1_jpeg/avatars/b/7/6/7/b767f2c6580ba31be55a2810e97d59ce.jpg', 'No Description', 'Hương Tràm', 'UNKNOWN', 'Huong-Tram', 1, 1),
(25, '2022-12-14 00:00:00', '2022-12-14 00:00:00', NULL, 'https://photo-resize-zmp3.zmdcdn.me/w240_r1x1_jpeg/avatars/8/b/f/e/8bfebd461c14aecf5f4809762359f0d9.jpg', 'https://photo-resize-zmp3.zmdcdn.me/w360_r1x1_jpeg/avatars/8/b/f/e/8bfebd461c14aecf5f4809762359f0d9.jpg', 'Suni-Ha-Linh', 'Suni Hạ Linh', 'UNKNOWN', 'Suni-Ha-Linh', 1, 1),
(26, '2022-12-14 00:00:00', '2022-12-14 00:00:00', NULL, 'https://photo-resize-zmp3.zmdcdn.me/w240_r1x1_jpeg/avatars/5/7/b/1/57b115f1624e8b7795f5f31a5f1fdf18.jpg', 'https://photo-resize-zmp3.zmdcdn.me/w360_r1x1_jpeg/avatars/5/7/b/1/57b115f1624e8b7795f5f31a5f1fdf18.jpg', 'buitruonglinh', 'buitruonglinh', 'UNKNOWN', 'buitruonglinh', 1, 1),
(27, '2022-12-14 00:00:00', '2022-12-14 00:00:00', NULL, 'https://photo-resize-zmp3.zmdcdn.me/w240_r1x1_jpeg/avatars/f/8/c/2/f8c20d1713e0bf40c4b16e6344fbc3fe.jpg', 'https://photo-resize-zmp3.zmdcdn.me/w360_r1x1_jpeg/avatars/f/8/c/2/f8c20d1713e0bf40c4b16e6344fbc3fe.jpg', 'Hiền Hồ', 'Hien-Ho', 'UNKNOWN', 'Hien-Ho', 1, 1),
(28, '2022-12-14 00:00:00', '2022-12-14 00:00:00', NULL, 'https://photo-resize-zmp3.zmdcdn.me/w240_r1x1_jpeg/avatars/9/6/2/1/9621a8315b3fd73e2850e8d21a36bdd6.jpg', 'https://photo-resize-zmp3.zmdcdn.me/w360_r1x1_jpeg/avatars/9/6/2/1/9621a8315b3fd73e2850e8d21a36bdd6.jpg', 'ĐÁ SỐ TỚI', 'DA-SO-TOI', 'UNKNOWN', 'DA-SO-TOI', 1, 1),
(29, '2022-12-14 00:00:00', '2022-12-14 00:00:00', NULL, 'https://photo-resize-zmp3.zmdcdn.me/w240_r1x1_jpeg/avatars/d/1/9/2/d192830ed04a5b37dcc0fca0c532adf4.jpg', 'https://photo-resize-zmp3.zmdcdn.me/w360_r1x1_jpeg/avatars/d/1/9/2/d192830ed04a5b37dcc0fca0c532adf4.jpg', 'Bao-Uyen', 'Bảo Uyên', 'UNKNOWN', 'Bao-Uyen', 1, 1),
(30, '2022-12-14 00:00:00', '2022-12-14 00:00:00', NULL, 'https://photo-resize-zmp3.zmdcdn.me/w240_r1x1_jpeg/avatars/3/6/5/c/365c3f152b5121eded1d807933ae6463.jpg', 'https://photo-resize-zmp3.zmdcdn.me/w360_r1x1_jpeg/avatars/3/6/5/c/365c3f152b5121eded1d807933ae6463.jpg', 'O.lew', 'O.lew', 'UNKNOWN', 'O-lew', 1, 1),
(31, '2022-12-14 00:00:00', '2022-12-14 00:00:00', NULL, 'https://photo-resize-zmp3.zmdcdn.me/w240_r1x1_jpeg/avatars/3/9/3/0/3930a095a1950054f82abdc693dde4eb.jpg', 'https://photo-resize-zmp3.zmdcdn.me/w360_r1x1_jpeg/avatars/3/9/3/0/3930a095a1950054f82abdc693dde4eb.jpg', 'T.R.I', 'T.R.I', 'UNKNOWN', 'T-R-I', 1, 1),
(32, '2022-12-14 00:00:00', '2022-12-14 00:00:00', NULL, 'https://photo-resize-zmp3.zmdcdn.me/w240_r1x1_jpeg/avatars/a/6/c/4/a6c408be9e0849dbc418c744d05ea309.jpg', 'https://photo-resize-zmp3.zmdcdn.me/w360_r1x1_jpeg/avatars/a/6/c/4/a6c408be9e0849dbc418c744d05ea309.jpg', 'The Sheep', 'The Sheep', 'UNKNOWN', 'The-Sheep', 1, 1),
(33, '2022-12-14 00:00:00', '2022-12-14 00:00:00', null, 'https://photo-resize-zmp3.zmdcdn.me/w240_r1x1_jpeg/avatars/0/c/5/5/0c5550e074ac8612114fe6225a9564f9.jpg', 'https://photo-resize-zmp3.zmdcdn.me/w360_r1x1_jpeg/avatars/0/c/5/5/0c5550e074ac8612114fe6225a9564f9.jpg', 'Saabirose', 'Saabirose', 'UNKNOWN', 'Saabirose', 1, 1),
(34, '2022-12-14 00:00:00', '2022-12-14 00:00:00', null, 'https://photo-resize-zmp3.zmdcdn.me/w240_r1x1_jpeg/avatars/e/f/8/4/ef84f25bebe0bb917735de836a3e417f.jpg', 'https://photo-resize-zmp3.zmdcdn.me/w360_r1x1_jpeg/avatars/e/f/8/4/ef84f25bebe0bb917735de836a3e417f.jpg', 'Nguyen-Huong-Ly', 'Hương Ly', 'UNKNOWN', 'Nguyen-Huong-Ly', 1, 1),
(35, '2022-12-14 00:00:00', '2022-12-14 00:00:00', null, 'https://photo-resize-zmp3.zmdcdn.me/w240_r1x1_jpeg/avatars/c/b/1/0/cb10ba7240ef06dbef6208679d0e8b15.jpg', 'https://photo-resize-zmp3.zmdcdn.me/w360_r1x1_jpeg/avatars/c/b/1/0/cb10ba7240ef06dbef6208679d0e8b15.jpg', 'Duongg', 'Duongg', 'UNKNOWN', 'Duongg', 1, 1),
(36, '2022-12-14 00:00:00', '2022-12-14 00:00:00', null, 'https://photo-resize-zmp3.zmdcdn.me/w240_r1x1_jpeg/avatars/5/a/3/a/5a3acdf33829bf766988efe183f2b529.jpg', 'https://photo-resize-zmp3.zmdcdn.me/w360_r1x1_jpeg/avatars/5/a/3/a/5a3acdf33829bf766988efe183f2b529.jpg', 'Luong-Bich-Huu', 'Lương Bích Hữu', 'UNKNOWN', 'Luong-Bich-Huu', 1, 1),
(37, '2022-12-14 00:00:00', '2022-12-14 00:00:00', NULL, 'https://photo-resize-zmp3.zmdcdn.me/w240_r1x1_jpeg/avatars/9/9/9/5/9995b471d77c22908bf72907ae2c294e.jpg', 'https://photo-resize-zmp3.zmdcdn.me/w360_r1x1_jpeg/avatars/9/9/9/5/9995b471d77c22908bf72907ae2c294e.jpg', '7UPPERCUTS', '7UPPERCUTS', 'UNKNOWN', '7UPPERCUTS', 1, 1),
(38, '2022-12-14 00:00:00', '2022-12-14 00:00:00', NULL, 'https://photo-resize-zmp3.zmdcdn.me/w240_r1x1_jpeg/avatars/f/c/fc45e894b2a30ca5b8f02d9635f41fec_1509959669.jpg', 'https://photo-resize-zmp3.zmdcdn.me/w360_r1x1_jpeg/avatars/f/c/fc45e894b2a30ca5b8f02d9635f41fec_1509959669.jpg', 'Hai-Sam', 'Hải Sâm', 'UNKNOWN', 'Hai-Sam', 1, 1),
(39, '2022-12-14 00:00:00', '2022-12-14 00:00:00', NULL, 'https://photo-resize-zmp3.zmdcdn.me/w240_r1x1_jpeg/avatars/d/2/7/b/d27b1af7ed82028ef6ac0687030742ec.jpg', 'https://photo-resize-zmp3.zmdcdn.me/w360_r1x1_jpeg/avatars/d/2/7/b/d27b1af7ed82028ef6ac0687030742ec.jpg', 'The-Cassette', 'The Cassette', 'UNKNOWN', 'The-Cassette', 1, 1),
(40, '2022-12-14 00:00:00', '2022-12-14 00:00:00', NULL, 'https://photo-resize-zmp3.zmdcdn.me/w240_r1x1_jpeg/avatars/1/a/5/a/1a5a16943514c142d74e29058df83187.jpg', 'https://photo-resize-zmp3.zmdcdn.me/w360_r1x1_jpeg/avatars/1/a/5/a/1a5a16943514c142d74e29058df83187.jpg', 'Thai-Dinh', 'Thái Đinh', 'UNKNOWN', 'Thai-Dinh', 1, 1),
(41, '2022-12-14 00:00:00', '2022-12-14 00:00:00', NULL, 'https://photo-resize-zmp3.zmdcdn.me/w240_r1x1_jpeg/avatars/7/8/6/2/78620213b8e0e54ae89b2bba895446f6.jpg', 'https://photo-resize-zmp3.zmdcdn.me/w360_r1x1_jpeg/avatars/7/8/6/2/78620213b8e0e54ae89b2bba895446f6.jpg', 'My-Anh-Singer', 'Mỹ Anh', 'UNKNOWN', 'My-Anh-Singer', 1, 1),
(42, '2022-12-14 00:00:00', '2022-12-14 00:00:00', NULL, 'https://photo-resize-zmp3.zmdcdn.me/w240_r1x1_jpeg/avatars/c/1/2/c/c12c04e6258188e1fed5e68448ca4474.jpg', 'https://photo-resize-zmp3.zmdcdn.me/w360_r1x1_jpeg/avatars/c/1/2/c/c12c04e6258188e1fed5e68448ca4474.jpg', 'Dinh-Huong', 'Đinh Hương', 'UNKNOWN', 'Dinh-Huong', 1, 1),
(43, '2022-12-14 00:00:00', '2022-12-14 00:00:00', NULL, 'https://photo-resize-zmp3.zmdcdn.me/w240_r1x1_jpeg/avatars/5/d/0/6/5d061a59ecfca5c798fb0d2038e003ce.jpg', 'https://photo-resize-zmp3.zmdcdn.me/w360_r1x1_jpeg/avatars/5/d/0/6/5d061a59ecfca5c798fb0d2038e003ce.jpg', 'Audicity', 'Audicity', 'UNKNOWN', 'Audicity', 1, 1);

-- Artists_Albums
INSERT INTO appmusic.artists_albums (artist_id, album_id) VALUES
(31,1),
(26,1),
(30,1),
(17,1),
(23,1),
(40,1),
(16,1),
(35,1),
(32,1),
(11,2),
(6,2),
(25,2),
(42,2),
(21,2),
(14,2),
(24,2),
(4,2),
(38,2),
(1,2),
(20,3),
(41,3),
(7,3),
(22,3),
(5,3),
(33,3),
(18,3),
(9,3),
(15,4),
(34,4),
(27,4),
(36,4),
(2,4),
(10,4),
(3,4),
(29,4),
(8,4),
(37,5),
(12,5),
(28,5),
(39,5),
(19,5),
(13,5),
(43,5);

-- Categories
INSERT INTO appmusic.categories (id, created_at, updated_at, description, image_url, slug, title, created_by, updated_by, parent_category_id)
VALUES 
(1, '2022-12-14 00:00:00', '2022-12-14 00:00:00', 'Ballad', NULL, 'Viet-Nam', 'Ballad Việt', 1, 1, NULL),
(2, '2022-12-14 00:00:00', '2022-12-14 00:00:00', 'Rock Việt', NULL, 'Rock-Viet', 'Rock Việt', 1, 1, NULL),
(3, '2022-12-14 00:00:00', '2022-12-14 00:00:00', 'R&B Việt', NULL, 'R-B-Viet', 'R&B Việt', 1, 1, NULL),
(4, '2022-12-14 00:00:00', '2022-12-14 00:00:00', 'Indie', NULL, 'Indie', 'Indie', 1, 1, NULL),
(5, '2022-12-14 00:00:00', '2022-12-14 00:00:00', 'V-Pop', NULL, 'V-Pop', 'V-Pop', 1, 1, NULL);

-- Songs
INSERT INTO appmusic.songs(id, created_at, updated_at, background_image_url, comment_count, description, duration, image_url, like_count, lyrics, slug, status, title, view, created_by, updated_by, album_id, composer_id) VALUES 
(1, '2022-12-14 00:00:00', '2022-12-14 00:00:00', 'https://photo-resize-zmp3.zmdcdn.me/w240_r1x1_jpeg/cover/5/d/7/3/5d734b4e89cae2f418b453d26a6d7eac.jpg', 0, NULL, 221, 'https://photo-resize-zmp3.zmdcdn.me/w94_r1x1_jpeg/cover/5/d/7/3/5d734b4e89cae2f418b453d26a6d7eac.jpg', 0, NULL, '9-8-7-T-R-I', 'PUBLIC', '9 8 7', 0, 1, 1, 1, 31),
(2, '2022-12-14 00:00:00', '2022-12-14 00:00:00', 'https://photo-resize-zmp3.zmdcdn.me/w240_r1x1_jpeg/cover/3/5/8/5/3585a198b087a3b0c9909909f007c6f9.jpg', 0, NULL, 296, 'https://photo-resize-zmp3.zmdcdn.me/w94_r1x1_jpeg/cover/3/5/8/5/3585a198b087a3b0c9909909f007c6f9.jpg', 0, NULL, 'Yeu-Nguoi-Co-Uoc-Mo-buitruonglinh', 'PUBLIC', 'Yêu Người Có Ước Mơ', 0, 1, 1, 1, 26),
(3, '2022-12-14 00:00:00', '2022-12-14 00:00:00', 'https://photo-resize-zmp3.zmdcdn.me/w240_r1x1_jpeg/cover/9/4/3/4/9434543f977168783a58bdcef063136d.jpg', 0, NULL, 279, 'https://photo-resize-zmp3.zmdcdn.me/w94_r1x1_jpeg/cover/9/4/3/4/9434543f977168783a58bdcef063136d.jpg', 0, NULL, 'Roi-Ta-Se-Ngam-Phao-Hoa-Cung-Nhau-O-lew', 'PUBLIC', 'Rồi Ta Sẽ Ngắm Pháo Hoa Cùng Nhau', 0, 1, 1, 1, 30),
(4, '2022-12-14 00:00:00', '2022-12-14 00:00:00', 'https://photo-resize-zmp3.zmdcdn.me/w240_r1x1_jpeg/cover/9/f/b/6/9fb6bec2bcf4e9e73cc1470533757956.jpg', 0, NULL, 259, 'https://photo-resize-zmp3.zmdcdn.me/w94_r1x1_jpeg/cover/9/f/b/6/9fb6bec2bcf4e9e73cc1470533757956.jpg', 0, NULL, 'Khong-Cho-Doi-Nua-Khai', 'PUBLIC', 'Không Chờ Đợi Nữa', 0, 1, 1, 1, 17),
(5, '2022-12-14 00:00:00', '2022-12-14 00:00:00', 'https://photo-resize-zmp3.zmdcdn.me/w240_r1x1_jpeg/cover/6/9/f/7/69f774ec81c3168ea1f40ffcc6b1c99b.jpg', 0, NULL, 278, 'https://photo-resize-zmp3.zmdcdn.me/w94_r1x1_jpeg/cover/6/9/f/7/69f774ec81c3168ea1f40ffcc6b1c99b.jpg', 0, NULL, 'Chi-Con-Trong-Giac-Mo-ft-Lemese-Min-Min-Lemese', 'PUBLIC', 'Chi Con Trong Giac Mo (ft Lemese)', 0, 1, 1, 1, 23),
(6, '2022-12-14 00:00:00', '2022-12-14 00:00:00', 'https://photo-resize-zmp3.zmdcdn.me/w240_r1x1_jpeg/cover/0/e/5/4/0e54df2a26efea8fd831d413b0256ad3.jpg', 0, NULL, 331, 'https://photo-resize-zmp3.zmdcdn.me/w94_r1x1_jpeg/cover/0/e/5/4/0e54df2a26efea8fd831d413b0256ad3.jpg', 0, NULL, 'Co-Mot-Ngay-Troi-Khong-Nang-Thai-Dinh', 'PUBLIC', 'Có Một Ngày Trời Không Nắng', 0, 1, 1, 1, 40),
(7, '2022-12-14 00:00:00', '2022-12-14 00:00:00', 'https://photo-resize-zmp3.zmdcdn.me/w240_r1x1_jpeg/cover/7/f/2/c/7f2cad35efae3b9fbb71730c40d3f9e7.jpg', 0, '', 230, 'https://photo-resize-zmp3.zmdcdn.me/w94_r1x1_jpeg/cover/7/f/2/c/7f2cad35efae3b9fbb71730c40d3f9e7.jpg', 0, '', 'ben-em-tu-ngay-nay-qua-ngay-no-T-R-I-Ricky-Star', 'PUBLIC', 'bên em từ ngày này qua ngày nọ', 0, 1, 1, 1, 31),
(8, '2022-12-14 00:00:00', '2022-12-14 00:00:00', 'https://photo-resize-zmp3.zmdcdn.me/w240_r1x1_jpeg/cover/2/2/1/2/22125dc7aca35a78c39f1ae5414d0065.jpg', 0, '', 250, 'https://photo-resize-zmp3.zmdcdn.me/w94_r1x1_jpeg/cover/2/2/1/2/22125dc7aca35a78c39f1ae5414d0065.jpg', 0, '', 'Truoc-Hien-Nha-NamKun', 'PUBLIC', 'Trước Hiên Nhà', 0, 1, 1, 1, 16),
(9, '2022-12-14 00:00:00', '2022-12-14 00:00:00', 'https://photo-resize-zmp3.zmdcdn.me/w240_r1x1_jpeg/cover/8/4/1/3/8413936c6c9189f5db0ccb1a99b4cad0.jpg', 0, '', 206, 'https://photo-resize-zmp3.zmdcdn.me/w94_r1x1_jpeg/cover/8/4/1/3/8413936c6c9189f5db0ccb1a99b4cad0.jpg', 0, '', 'Chang-Con-Ngay-Mai-Duongg-Nicky', 'PUBLIC', 'Chẳng Còn Ngày Mai', 0, 1, 1, 1, 35),
(10, '2022-12-14 00:00:00', '2022-12-14 00:00:00', 'https://photo-resize-zmp3.zmdcdn.me/w240_r1x1_jpeg/cover/9/9/c/c/99cc5a3962fa527fd7c7dac5b93b8940.jpg', 0, NULL, 253, 'https://photo-resize-zmp3.zmdcdn.me/w94_r1x1_jpeg/cover/9/9/c/c/99cc5a3962fa527fd7c7dac5b93b8940.jpg', 0, NULL, 'Lam-sao-de-quen-anh-The-Sheep', 'PUBLIC', 'Làm sao để quên anh', 0, 1, 1, 1, 32),
(11, '2022-12-14 00:00:00', '2022-12-14 00:00:00', 'https://photo-resize-zmp3.zmdcdn.me/w240_r1x1_jpeg/cover/3/0/8/c/308c5809bbfa86de59709090245b9819.jpg', 0, NULL, 208, 'https://photo-resize-zmp3.zmdcdn.me/w94_r1x1_jpeg/cover/3/0/8/c/308c5809bbfa86de59709090245b9819.jpg', 0, NULL, 'Anh-Danh-Roi-Nguoi-Yeu-Nay-That-Tuyet-Voi-Khi-O-Ben-Em-OST-Andiez-AMEE', 'PUBLIC', 'Anh Đánh Rơi Người Yêu Này! (Thật Tuyệt Vời Khi Ở Bên Em OST)', 0, 1, 1, 2, 11),
(12, '2022-12-14 00:00:00', '2022-12-14 00:00:00', 'https://photo-resize-zmp3.zmdcdn.me/w240_r1x1_jpeg/cover/c/f/1/c/cf1cb86fae6310ad76d87d96ce7c73f2.jpg', 0, NULL, 327, 'https://photo-resize-zmp3.zmdcdn.me/w94_r1x1_jpeg/cover/c/f/1/c/cf1cb86fae6310ad76d87d96ce7c73f2.jpg', 0, NULL, 'An-Ha-Anh-Tuan', 'PUBLIC', 'An', 0, 1, 1, 2, 6),
(13, '2022-12-14 00:00:00', '2022-12-14 00:00:00', 'https://photo-resize-zmp3.zmdcdn.me/w240_r1x1_jpeg/cover/4/8/f/f/48ffdb72c21e5865fa0f2f1f269f0e16.jpg', 0, '', 268, 'https://photo-resize-zmp3.zmdcdn.me/w94_r1x1_jpeg/cover/4/8/f/f/48ffdb72c21e5865fa0f2f1f269f0e16.jpg', 0, '', 'Khong-Sao-Ma-Em-Day-Roi-Suni-Ha-Linh-Lou-Hoang', 'PUBLIC', 'Không Sao Mà, Em Đây Rồi', 0, 1, 1, 2, 25),
(14, '2022-12-14 00:00:00', '2022-12-14 00:00:00', 'https://photo-resize-zmp3.zmdcdn.me/w240_r1x1_jpeg/covers/1/b/1b352fa8373feb08c631eb7a4f7cfb02_1494299663.jpg', 0, '', 262, 'https://photo-resize-zmp3.zmdcdn.me/w94_r1x1_jpeg/covers/1/b/1b352fa8373feb08c631eb7a4f7cfb02_1494299663.jpg', 0, '', 'Minh-Yeu-Nhau-Yeu-Nhau-Binh-Yen-Thoi-Dinh-Huong-Ha-Anh-Tuan', 'PUBLIC', 'Mình Yêu Nhau Yêu Nhau Bình Yên Thôi', 0, 1, 1, 2, 42),
(15, '2022-12-14 00:00:00', '2022-12-14 00:00:00', 'https://photo-resize-zmp3.zmdcdn.me/w240_r1x1_jpeg/cover/1/c/d/7/1cd789b9cee277dad6332d48f5b851d3.jpg', 0, '', 342, 'https://photo-resize-zmp3.zmdcdn.me/w94_r1x1_jpeg/cover/1/c/d/7/1cd789b9cee277dad6332d48f5b851d3.jpg', 0, '', 'Hong-Nhan-Piano-Version-Jack-J97-Liam', 'PUBLIC', 'Hồng Nhan (Piano Version)', 0, 1, 1, 2, 21),
(16, '2022-12-14 00:00:00', '2022-12-14 00:00:00', 'https://photo-resize-zmp3.zmdcdn.me/w240_r1x1_jpeg/avatars/1/0/106bb5c60365f977a9ca683f91e2383a_1465869753.jpg', 0, '', 275, 'https://photo-resize-zmp3.zmdcdn.me/w94_r1x1_jpeg/avatars/1/0/106bb5c60365f977a9ca683f91e2383a_1465869753.jpg', 0, '', 'Chua-Bao-Gio-Trung-Quan-Idol', 'PUBLIC', 'Chưa Bao Giờ', 0, 1, 1, 2, 14),
(17, '2022-12-14 14:12:00', '2022-12-14 14:12:00', 'https://photo-resize-zmp3.zmdcdn.me/w240_r1x1_jpeg/avatars/5/f/5f20a37fb35ef2799e9e47847edf2b8c_1455458614.jpg', 0, NULL, 298, 'https://photo-resize-zmp3.zmdcdn.me/w94_r1x1_jpeg/avatars/5/f/5f20a37fb35ef2799e9e47847edf2b8c_1455458614.jpg', 0, NULL, 'Nguoi-Tung-Yeu-Anh-Rat-Sau-Nang-Huong-Tram', 'PUBLIC', 'Người Từng Yêu Anh Rất Sâu Nặng', 0, 1, 1, 2, 24),
(18, '2022-12-14 14:12:00', '2022-12-14 14:12:00', 'https://photo-resize-zmp3.zmdcdn.me/w240_r1x1_jpeg/covers/f/c/fc2a6e7c36cda413dae3f9477a2aa95a_1419349898.jpg', 0, NULL, 204, 'https://photo-resize-zmp3.zmdcdn.me/w94_r1x1_jpeg/covers/f/c/fc2a6e7c36cda413dae3f9477a2aa95a_1419349898.jpg', 0, NULL, 'Phai-Vu-Cat-Tuong', 'PUBLIC', 'Phai', 0, 1, 1, 2, 4),
(19, '2022-12-14 00:00:00', '2022-12-14 00:00:00', 'https://photo-resize-zmp3.zmdcdn.me/w240_r1x1_jpeg/cover/b/0/2/f/b02f0f46d2bf3afdb5b200265b14fa8e.jpg', 0, NULL, 262, 'https://photo-resize-zmp3.zmdcdn.me/w94_r1x1_jpeg/cover/b/0/2/f/b02f0f46d2bf3afdb5b200265b14fa8e.jpg', 0, NULL, 'Lam-Lem-Hazy-Hai-Sam', 'PUBLIC', 'Lấm Lem (Hazy)', 0, 1, 1, 2, 38),
(20, '2022-12-14 00:00:00', '2022-12-14 00:00:00', 'https://photo-resize-zmp3.zmdcdn.me/w240_r1x1_jpeg/covers/3/4/34b2e5792d3f467216560a317a6ff7f2_1460691568.jpg', 0, NULL, 258, 'https://photo-resize-zmp3.zmdcdn.me/w94_r1x1_jpeg/covers/3/4/34b2e5792d3f467216560a317a6ff7f2_1460691568.jpg', 0, NULL, '2AM-JustaTee-BigDaddy', 'PUBLIC', '2AM', 0, 1, 1, 2, 1),
(21, '2022-12-14 00:00:00', '2022-12-14 00:00:00', 'https://photo-resize-zmp3.zmdcdn.me/w240_r1x1_jpeg/cover/b/6/d/1/b6d1ed0d09b63c3006e56f7e7839014e.jpg', 0, NULL, 265, 'https://photo-resize-zmp3.zmdcdn.me/w94_r1x1_jpeg/cover/b/6/d/1/b6d1ed0d09b63c3006e56f7e7839014e.jpg', 0, NULL, 'neu-luc-do-tlinh-2Pillz', 'PUBLIC', 'nếu lúc đó', 0, 1, 1, 3, 20),
(22, '2022-12-14 00:00:00', '2022-12-14 00:00:00', 'https://photo-resize-zmp3.zmdcdn.me/w240_r1x1_jpeg/cover/e/2/5/b/e25b4db6440e1b062562836b9d687418.jpg', 0, NULL, 261, 'https://photo-resize-zmp3.zmdcdn.me/w94_r1x1_jpeg/cover/e/2/5/b/e25b4db6440e1b062562836b9d687418.jpg', 0, NULL, 'Anh-Sao-Va-Bau-Troi-T-R-I-Ca', 'PUBLIC', 'Ánh Sao Và Bầu Trời', 0, 1, 1, 3, 31),
(23, '2022-12-14 00:00:00', '2022-12-14 00:00:00', 'https://photo-resize-zmp3.zmdcdn.me/w240_r1x1_jpeg/cover/0/6/9/a/069a232f9fdd635bd6a49d5636b43099.jpg', 0, NULL, 192, 'https://photo-resize-zmp3.zmdcdn.me/w94_r1x1_jpeg/cover/0/6/9/a/069a232f9fdd635bd6a49d5636b43099.jpg', 0, NULL, 'Moi-Khi-Anh-Nhin-Em-My-Anh', 'PUBLIC', 'Mỗi Khi Anh Nhìn Em', 0, 1, 1, 3, 41),
(24, '2022-12-14 00:00:00', '2022-12-14 00:00:00', 'https://photo-resize-zmp3.zmdcdn.me/w240_r1x1_jpeg/cover/4/3/1/9/4319ce591e51e79ce4c6962748b21fe9.jpg', 0, NULL, 233, 'https://photo-resize-zmp3.zmdcdn.me/w94_r1x1_jpeg/cover/4/3/1/9/4319ce591e51e79ce4c6962748b21fe9.jpg', 0, NULL, 'the-gioi-co-noi-nao-cho-em-Sweet-Liquor', 'PUBLIC', 'thế giới có nơi nào cho em', 0, 1, 1, 3, 7),
(25, '2022-12-14 00:00:00', '2022-12-14 00:00:00', 'https://photo-resize-zmp3.zmdcdn.me/w240_r1x1_jpeg/cover/4/5/1/e/451edeb56e86f4128d78323957b610ea.jpg', 0, '', 226, 'https://photo-resize-zmp3.zmdcdn.me/w94_r1x1_jpeg/cover/4/5/1/e/451edeb56e86f4128d78323957b610ea.jpg', 0, '', 'vaicaunoicokhiennguoithaydoi-GREY-D-tlinh', 'PUBLIC', 'vaicaunoicokhiennguoithaydoi', 0, 1, 1, 3, 22),
(26, '2022-12-14 00:00:00', '2022-12-14 00:00:00', 'https://photo-resize-zmp3.zmdcdn.me/w240_r1x1_jpeg/cover/9/d/9/e/9d9e85c64719b86b851b319b941152e7.jpg', 0, '', 239, 'https://photo-resize-zmp3.zmdcdn.me/w94_r1x1_jpeg/cover/9/d/9/e/9d9e85c64719b86b851b319b941152e7.jpg', 0, '', 'DAI-DIEN-CHO-TRAI-TIM-SOUTHALID-MaL', 'PUBLIC', 'ĐẠI DIỆN CHO TRÁI TIM', 0, 1, 1, 3, 5),
(27, '2022-12-14 00:00:00', '2022-12-14 00:00:00', 'https://photo-resize-zmp3.zmdcdn.me/w240_r1x1_jpeg/cover/2/d/6/0/2d600673b945b1b0105949f08cbc64b9.jpg', 0, '', 191, 'https://photo-resize-zmp3.zmdcdn.me/w94_r1x1_jpeg/cover/2/d/6/0/2d600673b945b1b0105949f08cbc64b9.jpg', 0, '', 'Bao-tuoi-roi-ma-con-yeu-voi-duong-Saabirose', 'PUBLIC', 'Bao tuổi rồi mà còn yêu với đương', 0, 1, 1, 3, 33),
(29, '2022-12-14 00:00:00', '2022-12-14 00:00:00', 'https://photo-resize-zmp3.zmdcdn.me/w240_r1x1_jpeg/cover/e/7/7/2/e772358978fef8a02eefd34f6a4ca6f3.jpg', 0, NULL, 220, 'https://photo-resize-zmp3.zmdcdn.me/w94_r1x1_jpeg/cover/e/7/7/2/e772358978fef8a02eefd34f6a4ca6f3.jpg', 0, NULL, 'Anh-Khong-The-MONO-Onionn', 'PUBLIC', 'Anh Không Thể', 0, 1, 1, 3, 18),
(30, '2022-12-14 00:00:00', '2022-12-14 00:00:00', 'https://photo-resize-zmp3.zmdcdn.me/w240_r1x1_jpeg/cover/8/c/9/f/8c9f583a79f97a92cd585c8c2d526cfc.jpg', 0, NULL, 182, 'https://photo-resize-zmp3.zmdcdn.me/w94_r1x1_jpeg/cover/8/c/9/f/8c9f583a79f97a92cd585c8c2d526cfc.jpg', 0, NULL, 'Den-Da-Khong-Duong-AMEE', 'PUBLIC', 'Đen Đá Không Đường', 0, 1, 1, 3, 9),
(31, '2022-12-14 00:00:00', '2022-12-14 00:00:00', 'https://photo-resize-zmp3.zmdcdn.me/w240_r1x1_jpeg/cover/5/5/1/9/5519c620aab58142d986745d984ed943.jpg', 0, NULL, 346, 'https://photo-resize-zmp3.zmdcdn.me/w94_r1x1_jpeg/cover/5/5/1/9/5519c620aab58142d986745d984ed943.jpg', 0, NULL, 'Lao-Tam-Kho-Tu-Thanh-Hung', 'PUBLIC', 'Lao Tâm Khổ Tứ', 0, 1, 1, 4, 15),
(32, '2022-12-14 00:00:00', '2022-12-14 00:00:00', 'https://photo-resize-zmp3.zmdcdn.me/w240_r1x1_jpeg/cover/f/1/9/a/f19ad7841238e403df36cc7a9c536837.jpg', 0, NULL, 354, 'https://photo-resize-zmp3.zmdcdn.me/w94_r1x1_jpeg/cover/f/1/9/a/f19ad7841238e403df36cc7a9c536837.jpg', 0, NULL, 'Sau-Nay-Neu-Co-Thuong-Em-Huong-Ly-LY-M', 'PUBLIC', 'Sau Này Nếu Có Thương Em', 0, 1, 1, 4, 34),
(33, '2022-12-14 00:00:00', '2022-12-14 00:00:00', 'https://photo-resize-zmp3.zmdcdn.me/w240_r1x1_jpeg/cover/b/a/1/d/ba1dc4f790dedb967a397abff94ebc8f.jpg', 0, NULL, 227, 'https://photo-resize-zmp3.zmdcdn.me/w94_r1x1_jpeg/cover/b/a/1/d/ba1dc4f790dedb967a397abff94ebc8f.jpg', 0, NULL, 'nguoi-rat-tot-khong-gap-se-tot-hon-hien-ho', 'PUBLIC', 'Người Rất Tốt Không Gặp Sẽ Tốt Hơn', 0, 1, 1, 4, 27),
(34, '2022-12-14 00:00:00', '2022-12-14 00:00:00', 'https://photo-resize-zmp3.zmdcdn.me/w240_r1x1_jpeg/cover/c/3/a/f/c3af6936c6f85f5bb18a789130a43644.jpg', 0, NULL, 273, 'https://photo-resize-zmp3.zmdcdn.me/w94_r1x1_jpeg/cover/c/3/a/f/c3af6936c6f85f5bb18a789130a43644.jpg', 0, NULL, 'sai-vi-tin-anh-luong-bich-huu', 'PUBLIC', 'Sai Vì Tin Anh', 0, 1, 1, 4, 36),
(35, '2022-12-14 00:00:00', '2022-12-14 00:00:00', 'https://photo-resize-zmp3.zmdcdn.me/w240_r1x1_jpeg/cover/0/f/8/7/0f87bc8b47fc0be87469dba37c2c3493.jpg', 0, NULL, 281, 'https://photo-resize-zmp3.zmdcdn.me/w94_r1x1_jpeg/cover/0/f/8/7/0f87bc8b47fc0be87469dba37c2c3493.jpg', 0, NULL, 'ai-roi-cung-se-khac-new-version-ha-nhi', 'PUBLIC', 'Ai Rồi Cũng Sẽ Khác (New Version)', 0, 1, 1, 4, 2),
(36, '2022-12-14 00:00:00', '2022-12-14 00:00:00', 'https://photo-resize-zmp3.zmdcdn.me/w240_r1x1_jpeg/cover/d/c/9/e/dc9e0327d6e99d57cdcd54981cb5989d.jpg', 0, NULL, 291, 'https://photo-resize-zmp3.zmdcdn.me/w94_r1x1_jpeg/cover/d/c/9/e/dc9e0327d6e99d57cdcd54981cb5989d.jpg', 0, NULL, 'Nguoi-Nhu-Anh-Mai-Tien-Dung', 'PUBLIC', 'Người Như Anh', 0, 1, 1, 4, 10),
(37, '2022-12-14 00:00:00', '2022-12-14 00:00:00', 'https://photo-resize-zmp3.zmdcdn.me/w240_r1x1_jpeg/cover/f/e/e/b/feebaec84a211ff8c46a2d803f7a646c.jpg', 0, NULL, 355, 'https://photo-resize-zmp3.zmdcdn.me/w94_r1x1_jpeg/cover/f/e/e/b/feebaec84a211ff8c46a2d803f7a646c.jpg', 0, NULL, 'Chac-Vi-Minh-Chua-Tot-Thanh-Hung', 'PUBLIC', 'Chắc Vì Mình Chưa Tốt', 0, 1, 1, 4, 15),
(38, '2022-12-14 00:00:00', '2022-12-14 00:00:00', 'https://photo-resize-zmp3.zmdcdn.me/w240_r1x1_jpeg/cover/9/2/7/5/92750471c6eb93282c4e799a344a6f90.jpg', 0, NULL, 355, 'https://photo-resize-zmp3.zmdcdn.me/w94_r1x1_jpeg/cover/9/2/7/5/92750471c6eb93282c4e799a344a6f90.jpg', 0, NULL, 'chung-ta-chi-la-da-tung-Hua-Kim-Tuyen-Orange', 'PUBLIC', 'chúng ta chỉ là đã từng', 0, 1, 1, 4, 3),
(39, '2022-12-14 00:00:00', '2022-12-14 00:00:00', 'https://photo-resize-zmp3.zmdcdn.me/w240_r1x1_jpeg/cover/8/a/e/8/8ae8c065f94d4be6f6be4419394ab75a.jpg', 0, NULL, 250, 'https://photo-resize-zmp3.zmdcdn.me/w94_r1x1_jpeg/cover/8/a/e/8/8ae8c065f94d4be6f6be4419394ab75a.jpg', 0, NULL, 'Roi-Em-Se-On-Thoi-Bao-Uyen-RIN9', 'PUBLIC', 'Rồi Em Sẽ Ổn Thôi', 0, 1, 1, 4, 29),
(40, '2022-12-14 00:00:00', '2022-12-14 00:00:00', 'https://photo-resize-zmp3.zmdcdn.me/w240_r1x1_jpeg/cover/6/d/e/b/6deb8ea62749618d200bbe270ade7f3e.jpg', 0, NULL, 300, 'https://photo-resize-zmp3.zmdcdn.me/w94_r1x1_jpeg/cover/6/d/e/b/6deb8ea62749618d200bbe270ade7f3e.jpg', 0, NULL, 'Dinh-Menh-Noo-Phuoc-Thinh', 'PUBLIC', 'Định Mệnh', 0, 1, 1, 4, 8),
(41, '2022-12-14 00:00:00', '2022-12-14 00:00:00', 'https://photo-resize-zmp3.zmdcdn.me/w240_r1x1_jpeg/cover/2/c/b/b/2cbb83899d6485e20299625fde185e86.jpg', 0, NULL, 254, 'https://photo-resize-zmp3.zmdcdn.me/w94_r1x1_jpeg/cover/2/c/b/b/2cbb83899d6485e20299625fde185e86.jpg', 0, NULL, 'Dung-yeu-nguoi-noi-tieng-7UPPERCUTS', 'PUBLIC', 'Đừng yêu người nổi tiếng', 0, 1, 1, 5, 37),
(42, '2022-12-14 00:00:00', '2022-12-14 00:00:00', 'https://photo-resize-zmp3.zmdcdn.me/w240_r1x1_jpeg/cover/e/f/5/9/ef597beb729aeaeb3836930f587ef73b.jpg', 0, NULL, 318, 'https://photo-resize-zmp3.zmdcdn.me/w94_r1x1_jpeg/cover/e/f/5/9/ef597beb729aeaeb3836930f587ef73b.jpg', 0, NULL, 'Cuoi-Ngay-The-Flob', 'PUBLIC', 'Cuối Ngày', 0, 1, 1, 5, 12),
(43, '2022-12-14 00:00:00', '2022-12-14 00:00:00', 'https://photo-resize-zmp3.zmdcdn.me/w240_r1x1_jpeg/cover/4/3/5/2/43524b9264141f58470f1df8c659a3a4.jpg', 0, NULL, 119, 'https://photo-resize-zmp3.zmdcdn.me/w94_r1x1_jpeg/cover/4/3/5/2/43524b9264141f58470f1df8c659a3a4.jpg', 0, NULL, 'Dau-Ngo-Tinh-Yeu-Toi-DA-SO-TOI', 'PUBLIC', 'Đâu Ngờ Tình Yêu Tới', 0, 1, 1, 5, 28),
(44, '2022-12-14 00:00:00', '2022-12-14 00:00:00', 'https://photo-resize-zmp3.zmdcdn.me/w240_r1x1_jpeg/cover/1/f/f/6/1ff6a70cd64d0b48dd0206cdea906d33.jpg', 0, NULL, 159, 'https://photo-resize-zmp3.zmdcdn.me/w94_r1x1_jpeg/cover/1/f/f/6/1ff6a70cd64d0b48dd0206cdea906d33.jpg', 0, NULL, 'Tron-Tim-7UPPERCUTS', 'PUBLIC', 'Trốn Tìm', 0, 1, 1, 5, 37),
(45, '2022-12-14 14:12:00', '2022-12-14 14:12:00', 'https://photo-resize-zmp3.zmdcdn.me/w240_r1x1_jpeg/cover/d/5/b/2/d5b29adfce8e247f50e64fd10f92f9b3.jpg', 0, NULL, 351, 'https://photo-resize-zmp3.zmdcdn.me/w94_r1x1_jpeg/cover/d/5/b/2/d5b29adfce8e247f50e64fd10f92f9b3.jpg', 0, NULL, 'vung-dat-linh-hon-the-cassette', 'PUBLIC', 'Vùng Đất Linh Hồn', 0, 1, 1, 5, 39),
(46, '2022-12-14 00:00:00', '2022-12-14 00:00:00', 'https://photo-resize-zmp3.zmdcdn.me/w240_r1x1_jpeg/cover/7/d/0/4/7d04b575b199a03f5c406998506b58cc.jpg', 0, NULL, 169, 'https://photo-resize-zmp3.zmdcdn.me/w94_r1x1_jpeg/cover/7/d/0/4/7d04b575b199a03f5c406998506b58cc.jpg', 0, NULL, 'Nguoi-Phan-Boi-2-Jack', 'PUBLIC', 'Người Phản Bội 2', 0, 1, 1, 5, 35),
(48, '2022-12-14 00:00:00', '2022-12-14 00:00:00', 'https://photo-resize-zmp3.zmdcdn.me/w240_r1x1_jpeg/cover/4/3/5/2/43524b9264141f58470f1df8c659a3a4.jpg', 0, NULL, 142, 'https://photo-resize-zmp3.zmdcdn.me/w94_r1x1_jpeg/cover/4/3/5/2/43524b9264141f58470f1df8c659a3a4.jpg', 0, NULL, 'Da-The-La-Yeu-DA-SO-TOI', 'PUBLIC', 'Dà Thế Là Yêu', 0, 1, 1, 5, 28),
(49, '2022-12-14 00:00:00', '2022-12-14 00:00:00', 'https://photo-resize-zmp3.zmdcdn.me/w240_r1x1_jpeg/cover/d/8/7/3/d873c143f60bfc78de9adab6abc0b225.jpg', 0, NULL, 193, 'https://photo-resize-zmp3.zmdcdn.me/w94_r1x1_jpeg/cover/d/8/7/3/d873c143f60bfc78de9adab6abc0b225.jpg', 0, NULL, 'Mot-Ngay-Ha-Meow-Lac', 'PUBLIC', 'Một Ngày Hạ', 0, 1, 1, 5, 13),
(50, '2022-12-14 00:00:00', '2022-12-14 00:00:00', 'https://photo-resize-zmp3.zmdcdn.me/w240_r1x1_jpeg/cover/6/0/e/d/60ed679d6e8d7d02f3579a0c762eb925.jpg', 0, NULL, 243, 'https://photo-resize-zmp3.zmdcdn.me/w94_r1x1_jpeg/cover/6/0/e/d/60ed679d6e8d7d02f3579a0c762eb925.jpg', 0, NULL, 'Tra-Lai-Nhung-Giac-Mo-Audicity', 'PUBLIC', 'Trả Lại Những Giấc Mơ', 0, 1, 1, 5, 43);

-- Songs_Categories
INSERT INTO appmusic.songs_categories (song_id, category_id)
VALUES (1,4), (2,4), (3,4), (4,4), (5,4), (6,4), (7,4), (8,4), (9,4), (10,4), (11,5), (12,5), (13,5), (14,5), (15,5), (16,5), (17,5), (18,5), (19,5), (20,5), (21,3), (22,3), (23,3), (24,3), (25,3), (26,3), (27,3), (29,3), (30,3), (31,1), (32,1), (33,1), (34,1), (35,1), (36,1), (37,1), (38,1), (39,1), (40,1), (41,2), (42,2), (43,2), (44,2), (45,2), (46,2), (48,2), (49,2), (50,2);

-- Songs_Artists
INSERT INTO appmusic.songs_artists (song_id, artist_id)
VALUES
(1,31),
(2,26),
(3,30),
(4,17),
(5,23),
(6,40),
(7,31),
(8,16),
(9,35),
(10,32),
(11,11),
(12,6),
(13,25),
(14,42),
(15,21),
(16,14),
(17,24),
(18,4),
(19,38),
(20,1),
(21,20),
(22,31),
(23,41),
(24,7),
(25,22),
(26,5),
(27,33),
(29,18),
(30,9),
(31,15),
(32,34),
(33,27),
(34,36),
(35,2),
(36,10),
(37,15),
(38,3),
(39,29),
(40,8),
(41,37),
(42,12),
(43,28),
(44,37),
(45,39),
(46,19),
(48,28),
(49,13),
(50,43);

-- Source_urls
INSERT INTO appmusic.source_urls (song_id, source_urls) VALUES
(1, 'https://mp3-s1-zmp3.zmdcdn.me/770e4dcdff8d16d34f9c/2723253484351378778?authen=exp=1678612051~acl=/770e4dcdff8d16d34f9c/*~hmac=34a5829e0d88e0c38d83d4b0f1962e2a&fs=MTY3ODQzOTI1MTg5MHx3ZWJWNnwwfDExNS43NS41MS42Ng'),
(2, 'https://mp3-s1-zmp3.zmdcdn.me/24074f521712fe4ca703/6479051177131780950?authen=exp=1678612028~acl=/24074f521712fe4ca703/*~hmac=e396150124ed47c8e14c26267b1b3c93&fs=MTY3ODQzOTIyODI4NXx3ZWJWNnwwfDIwMy4xNzmUsICdUngMTIwLjE0Nw'),
(3, 'https://mp3-s1-zmp3.zmdcdn.me/006750400600ef5eb611/4517886448186348477?authen=exp=1678612027~acl=/006750400600ef5eb611/*~hmac=20922cfb7ffbca50ab64fc0338dac9e4&fs=MTY3ODQzOTIyNzk1N3x3ZWJWNnwwfDExMy4xODmUsICdUngMjQxLjIzOQ'),
(4, 'https://mp3-s1-zmp3.zmdcdn.me/250758baeefa07a45eeb/675483617352651724?authen=exp=1678612057~acl=/250758baeefa07a45eeb/*~hmac=79e1df26a61c3fb51cd85cfecd6e9387&fs=MTY3ODQzOTI1Nzk1N3x3ZWJWNnwwfDE0LjI0OC44MC4zMQ'),
(5, 'https://mp3-s1-zmp3.zmdcdn.me/102d7849c80921577818/2847889186253368228?authen=exp=1678612079~acl=/102d7849c80921577818/*~hmac=0913e6de16716bfe69a9a3e97a0a596c&fs=MTY3ODQzOTI3OTM0MHx3ZWJWNnwwfDE3MS4yNTAdUngMTY0LjIwMg'),
(6, 'https://mp3-s1-zmp3.zmdcdn.me/7ee7e904bc44551a0c55/2073042961153150719?authen=exp=1678611920~acl=/7ee7e904bc44551a0c55/*~hmac=d648dea41fe524297883b0f70227d527&fs=MTY3ODQzOTEyMDQyMXx3ZWJWNnwwfDE0LjE2MS4yMi42'),
(7,'https://mp3-s1-zmp3.zmdcdn.me/1bb316514311aa4ff300/5731347915262479670?authen=exp=1678612140~acl=/1bb316514311aa4ff300/*~hmac=19a070376a1e6457fe03bd7381800210&fs=MTY3ODQzOTM0MDkzNHx3ZWJWNnwxMDU5MzAzODYzfDExMy4xNjAdUngMjQ5LjUy'),
(8,'https://mp3-s1-zmp3.zmdcdn.me/c47490e2dea237fc6eb3/7877344641041760321?authen=exp=1678612299~acl=/c47490e2dea237fc6eb3/*~hmac=207b1b054c8f83c3c162e9448c6f434b&fs=MTY3ODQzOTQ5OTU1M3x3ZWJWNnwwfDM0LjIzOS4xMzMdUngMTUw'),
(9,'https://mp3-s1-zmp3.zmdcdn.me/85bfc93a9a7a73242a6b/4571922095673942922?authen=exp=1678612067~acl=/85bfc93a9a7a73242a6b/*~hmac=c9aea4bd8fa7606dd8b1f252d4ea71b2&fs=MTY3ODQzOTI2NzY5MHx3ZWJWNnwwfDExNi4xMTAdUngNDEdUngMTEw'),
(10,'https://mp3-s1-zmp3.zmdcdn.me/34023bfa6dba84e4ddab/7595540959962604125?authen=exp=1678612303~acl=/34023bfa6dba84e4ddab/*~hmac=701b6e8f52139ca0b990f9ec048d8f0f&fs=MTY3ODQzOTUwMzY3M3x3ZWJWNnwwfDM0LjIzOS4xMzMdUngMTUw'),
(11,'https://mp3-s1-zmp3.zmdcdn.me/6ee044056f42861cdf53/5630113708470082055?authen=exp=1678612139~acl=/6ee044056f42861cdf53/*~hmac=7ea0b375c05bf690bd2d2c973954337e&fs=MTY3ODQzOTMzOTkxNnx3ZWJWNnwwfDExMy4xNjEdUngMTQ1Ljg5'),
(12, 'https://mp3-s1-zmp3.zmdcdn.me/377fcc4695077c592516/3190319591373258050?authen=exp=1678612084~acl=/377fcc4695077c592516/*~hmac=d55c01ba6423571a25b5865571f4f31c&fs=MTY3ODQzOTI4NDk1Nnx3ZWJWNnwxMDI2NjQ4OTAxfDQyLjExNy40MC4xNjk'),
(13, 'https://mp3-s1-zmp3.zmdcdn.me/366fa8ff83b86ae633a9/8235770814660146380?authen=exp=1678612125~acl=/366fa8ff83b86ae633a9/*~hmac=6b08494ecdec8dba2f95f9dc6cf3f69f&fs=MTY3ODQzOTMyNTmUsIC1NXx3ZWJWNnwwfDExNS43OS40OC4yMjg'),
(14, 'https://mp3-s1-zmp3.zmdcdn.me/73f640649f20767e2f31/2670319864729053078?authen=exp=1678612311~acl=/73f640649f20767e2f31/*~hmac=7ca8967f78c88b08dcf1317a6fcff7b4&fs=MTY3ODQzOTUxMTmUsICyNHx3ZWJWNnwwfDM0LjIzOS4xMzMdUngMTUw'),
(15, 'https://mp3-s1-zmp3.zmdcdn.me/6069392d166aff34a67b/9134723947639848528?authen=exp=1678612275~acl=/6069392d166aff34a67b/*~hmac=d719e061b9c1a33fda67495cc99995af&fs=MTY3ODQzOTQ3NTU4MXx3ZWJWNnwxMDA1MTkyNjgwfDExOC43MC44MS4xOTI'),
(16, 'https://mp3-s1-zmp3.zmdcdn.me/071518201064f93aa075/4330595602884914842?authen=exp=1678612015~acl=/071518201064f93aa075/*~hmac=3b9a7571e83fce4e90905d4daf5f35e2&fs=MTY3ODQzOTIxNTM5Nnx3ZWJWNnwxMDEwNDmUsIC3NzU5fDE4My44MS4xMjUdUngMTA'),
(17,'https://mp3-s1-zmp3.zmdcdn.me/04da01560812e14cb803/7622792329039148570?authen=exp=1678611827~acl=/04da01560812e14cb803/*~hmac=6e8637a7cedf1c610bf210a7bd06db6f&fs=MTY3ODQzOTAyNzA2M3x3ZWJWNnwxMDEyNTE3NTYxfDE0LjE3NC42NS4xMjA'),
(18,'https://mp3-s1-zmp3.zmdcdn.me/70cb3e453701de5f8710/3469446747702986346?authen=exp=1678612319~acl=/70cb3e453701de5f8710/*~hmac=8c99936ebcf097b4a5686d8acf4bbf36&fs=MTY3ODQzOTUxOTg1NHx3ZWJWNnwwfDM0LjIzOS4xMzMdUngMTUw'),
(19,'https://mp3-s1-zmp3.zmdcdn.me/e755e770c2372b697226/791540249100821955?authen=exp=1678612321~acl=/e755e770c2372b697226/*~hmac=316dc912d510f9bfc6f918bf35d3dba7&fs=MTY3ODQzOTUyMTg2OXx3ZWJWNnwwfDM0LjIzOS4xMzMdUngMTUw'),
(20,'https://mp3-s1-zmp3.zmdcdn.me/bafd50f82abcc3e29aad/5045443401521474799?authen=exp=1678612223~acl=/bafd50f82abcc3e29aad/*~hmac=c439f4b7c1413dc3eea38df0f2d615a4&fs=MTY3ODQzOTQyMzM1NHx3ZWJWNnwwfDExOC42OS4xNDmUsICdUngMTk4'),
(21,'https://mp3-s1-zmp3.zmdcdn.me/60f66883d8c3319d68d2/2826846726147885374?authen=exp=1678612027~acl=/60f66883d8c3319d68d2/*~hmac=3ab6ec288eeef34d68bb5c58f6b8ac1f&fs=MTY3ODQzOTIyNzk2M3x3ZWJWNnwwfDI3LjmUsICxLjmUsICxLjE1Mw'),
(22, 'https://mp3-s1-zmp3.zmdcdn.me/362be4a4bde554bb0df4/6167544201656465132?authen=exp=1678612050~acl=/362be4a4bde554bb0df4/*~hmac=dcd561e3162f6b83cdadabf975b1be71&fs=MTY3ODQzOTI1MDAyOXx3ZWJWNnwxNTg3NDU2NXwyNy42NC4yMTMdUngMjE5'),
(23, 'https://mp3-s1-zmp3.zmdcdn.me/16786dbb1cfbf5a5acea/2769232079216683851?authen=exp=1678612322~acl=/16786dbb1cfbf5a5acea/*~hmac=fe44b778e84915a3e468336ccd56bb09&fs=MTY3ODQzOTUyMjkwMnx3ZWJWNnwwfDExNi45OC4wLjM2'),
(24, 'https://mp3-s1-zmp3.zmdcdn.me/5e2a593c0c7ce522bc6d/9017281241539841902?authen=exp=1678612332~acl=/5e2a593c0c7ce522bc6d/*~hmac=14ed110055a0fabfd54ccfb7cfbf3588&fs=MTY3ODQzOTUzMjA2OHx3ZWJWNnwwfDM1LjE3MC4xOTgdUngMjA4'),
(25, 'https://mp3-s1-zmp3.zmdcdn.me/55226a6e9c2f75712c3e/3766125175965205028?authen=exp=1678612226~acl=/55226a6e9c2f75712c3e/*~hmac=fd315f68de1a61aaaafe450e33b2d5d7&fs=MTY3ODQzOTQyNjYwMHx3ZWJWNnwxMDMxOTA4NDE1fDIyMi4yNTQdUngNzgdUngMjU0'),
(26, 'https://mp3-s1-zmp3.zmdcdn.me/f94f2b451e05f75bae14/2363435098991456703?authen=exp=1678612092~acl=/f94f2b451e05f75bae14/*~hmac=c4ae73b5bc2e29f7760f766fabf5f0ac&fs=MTY3ODQzOTI5MjQ2MHx3ZWJWNnwwfDExMy4yMC4xMjQdUngMjQ0'),
(27, 'https://mp3-s1-zmp3.zmdcdn.me/76fb4bf633b6dae883a7/8076853743265748436?authen=exp=1678611829~acl=/76fb4bf633b6dae883a7/*~hmac=1624f7b7076ff736a12324b695c91a1c&fs=MTY3ODQzOTAyOTE4Mnx3ZWJWNnw0MTQwNDAxMHwxNzEdUngMjQ0LjE3MC4yMDI'),
(29, 'https://mp3-s1-zmp3.zmdcdn.me/b7f867f35bb3b2edeba2/8755004466543406770?authen=exp=1678612198~acl=/b7f867f35bb3b2edeba2/*~hmac=69da9c5aa647f29f93152f02d5fd4f35&fs=MTY3ODQzOTM5ODkxN3x3ZWJWNnwwfDE0LjE2MS4yNy4yMTI'),
(30, 'https://mp3-s1-zmp3.zmdcdn.me/e17c319e19d9f087a9c8/2991697851525263558?authen=exp=1678611769~acl=/e17c319e19d9f087a9c8/*~hmac=e67443e592552baa9ab1a87dd7af0f7f&fs=MTY3ODQzODk2OTAxOHx3ZWJWNnwwfDE0LjIzOS4yNTAdUngNzmUsIC'),
(31, 'https://mp3-s1-zmp3.zmdcdn.me/44ef048eb4ce5d9004df/2484448363502650345?authen=exp=1678612053~acl=/44ef048eb4ce5d9004df/*~hmac=da7264f14bdfdad6b04f642d45ce999c&fs=MTY3ODQzOTI1MzMzMnx3ZWJWNnw4MTU1ODE2NXw0Mi4xMTMdUngMTMxLjIx'),
(32,'https://mp3-s1-zmp3.zmdcdn.me/5568f4a540e5a9bbf0f4/1540974508846573276?authen=exp=1678612050~acl=/5568f4a540e5a9bbf0f4/*~hmac=35d824a2c87993f1c38b3c5f67d89e87&fs=MTY3ODQzOTI1MDExM3x3ZWJWNnwxMDE4MDE5MDUwfDU4LjE4Ni44Mi4xMA'),
(33,'https://mp3-s1-zmp3.zmdcdn.me/0551462ef26e1b30427f/2435806976777524798?authen=exp=1678612045~acl=/0551462ef26e1b30427f/*~hmac=5ef07601975461590dc0d13eee3b86f9&fs=MTY3ODQzOTI0NTmUsIC1OHx3ZWJWNnwyNTkyMjA0MjN8MTEzLjE4MS4yNTAdUngMTmUsICy'),
(34,'https://mp3-s1-zmp3.zmdcdn.me/5043d5866ac68398dad7/6472965507709874224?authen=exp=1678612029~acl=/5043d5866ac68398dad7/*~hmac=f61eec68fa455bacbaead6e43d924c7b&fs=MTY3ODQzOTIyOTQwOXx3ZWJWNnwwfDE0LjE5MS4yMTmUsICdUngNzU'),
(35,'https://mp3-s1-zmp3.zmdcdn.me/73c615d64196a8c8f187/2046913983916326742?authen=exp=1678612061~acl=/73c615d64196a8c8f187/*~hmac=e86081ccd578054e5b3b9fbb200ad0b0&fs=MTY3ODQzOTI2MTUxMXx3ZWJWNnwwfDE0LjI1NS4xNzYdUngODg'),
(36,'https://mp3-s1-zmp3.zmdcdn.me/f0a1e85be91b0045590a/589361203805054074?authen=exp=1678612055~acl=/f0a1e85be91b0045590a/*~hmac=d174bd01fbb1a1646f3f124ad7f3a5d5&fs=MTY3ODQzOTI1NTEyMnx3ZWJWNnwwfDE0LjI1My4xNDIdUngMTI4'),
(37, 'https://mp3-s1-zmp3.zmdcdn.me/dd25067d6a3a8364da2b/19587538280384586?authen=exp=1678612071~acl=/dd25067d6a3a8364da2b/*~hmac=a2017b584303ebf3904e78776f2fe3bf&fs=MTY3ODQzOTI3MTYwOHx3ZWJWNnwwfDE0LjI1NS4xNjYdUngMTAx'),
(38, 'https://mp3-s1-zmp3.zmdcdn.me/b67f7d802bc0c29e9bd1/8346747715807096236?authen=exp=1678612265~acl=/b67f7d802bc0c29e9bd1/*~hmac=39b949d77d4eda1ec1bf8d3772078fc2&fs=MTY3ODQzOTQ2NTmUsIC4N3x3ZWJWNnwxMDE0ODk0NzmUsIC0fDE0LjE4Ny4xNTYdUngOTY'),
(39,'https://mp3-s1-zmp3.zmdcdn.me/c881c83bab7b42251b6a/7917116798519277826?authen=exp=1678612068~acl=/c881c83bab7b42251b6a/*~hmac=6f566cf1cd32444fc8ba1f0d15a032fb&fs=MTY3ODQzOTI2ODI4Mnx3ZWJWNnwwfDExOC43MC4yMzkdUngMjE1'),
(40,'https://mp3-s1-zmp3.zmdcdn.me/6a5318ed42adabf3f2bc/469683964354762083?authen=exp=1678612049~acl=/6a5318ed42adabf3f2bc/*~hmac=185cd90c6a8516212c6406e6d1628495&fs=MTY3ODQzOTI0OTQ0M3x3ZWJWNnwwfDExNS43NS41MS42Ng'),
(41,'https://mp3-s1-zmp3.zmdcdn.me/c6de0d325c72b52cec63/4078716637656012104?authen=exp=1678612042~acl=/c6de0d325c72b52cec63/*~hmac=5b2daa4c79298eb5388f494668341136&fs=MTY3ODQzOTI0MjgzM3x3ZWJWNnwwfDE0LjE2MS4xOC43MA'),
(42,'https://mp3-s1-zmp3.zmdcdn.me/1a9479453904d05a8915/6662380377368652069?authen=exp=1678612369~acl=/1a9479453904d05a8915/*~hmac=04c035675a2e0a384c6100a21a862a3e&fs=MTY3ODQzOTU2OTMxM3x3ZWJWNnwwfDQ0LjIwMi4xNjmUsICdUngMTU1'),
(43,'https://mp3-s1-zmp3.zmdcdn.me/68a89be48ea467fa3eb5/6071026502586672057?authen=exp=1678612371~acl=/68a89be48ea467fa3eb5/*~hmac=66d91e948774ca6f336100b0bc6fae71&fs=MTY3ODQzOTU3MTI3OXx3ZWJWNnwwfDQ0LjIwMi4xNjmUsICdUngMTU1'),
(44, 'https://mp3-s1-zmp3.zmdcdn.me/6fd85f244f64a63aff75/2923293207609001535?authen=exp=1678612373~acl=/6fd85f244f64a63aff75/*~hmac=a94e2ce70ea3ad16cc0ba6d9bb6f1bc6&fs=MTY3ODQzOTU3MzI5M3x3ZWJWNnwwfDQ0LjIwMi4xNjmUsICdUngMTU1'),
(45, 'https://mp3-s1-zmp3.zmdcdn.me/28e1efa5b5e45cba05f5/6629065618242860042?authen=exp=1678612375~acl=/28e1efa5b5e45cba05f5/*~hmac=ba081ee29d283ca82df264d193c097c4&fs=MTY3ODQzOTU3NTQ1MXx3ZWJWNnwwfDQ0LjIwMi4xNjmUsICdUngMTU1'),
(46, 'https://mp3-s1-zmp3.zmdcdn.me/8085554fce0e27507e1f/34829595209653257?authen=exp=1678612377~acl=/8085554fce0e27507e1f/*~hmac=dafb1b52448470328ffea4ff74ddc171&fs=MTY3ODQzOTU3NzUwNXx3ZWJWNnwwfDMdUngODQdUngMTE4LjE1MQ'),
(48, 'https://mp3-s1-zmp3.zmdcdn.me/63a392ef87af6ef137be/5447277349209355535?authen=exp=1678612381~acl=/63a392ef87af6ef137be/*~hmac=f38da18454f3a047f3f3d228a55828ab&fs=MTY3ODQzOTU4MTU3M3x3ZWJWNnwwfDQ0LjIwMi43MS4xMTk'),
(49, 'https://mp3-s1-zmp3.zmdcdn.me/f745ad14bb54520a0b45/5610151919581033091?authen=exp=1678612383~acl=/f745ad14bb54520a0b45/*~hmac=ee392de4920a28b3fa36677aaa599594&fs=MTY3ODQzOTU4MzYwNXx3ZWJWNnwwfDMdUngODQdUngMTE4LjE1MQ'),
(50, 'https://mp3-s1-zmp3.zmdcdn.me/d195ee5b6f1a8644df0b/1315982540296853005?authen=exp=1678612385~acl=/d195ee5b6f1a8644df0b/*~hmac=287266aa0d5163e02a6cadc6ad8b96cb&fs=MTY3ODQzOTU4NTM3Mnx3ZWJWNnwwfDQ0LjIwMi43MS4xMTk');






